timestamp,datetime,open,high,low,close,volume,candle_type
1778125500,2026-05-07 03:45:00+00:00,2437.5,2438.199951171875,2430.5,2436.5,0,bearish
1778125560,2026-05-07 03:46:00+00:00,2437.39990234375,2437.89990234375,2430.10009765625,2432.89990234375,37722,bearish
1778125620,2026-05-07 03:47:00+00:00,2432.800048828125,2433.5,2426.39990234375,2426.39990234375,20727,bearish
1778125680,2026-05-07 03:48:00+00:00,2427.39990234375,2427.60009765625,2425.0,2426.5,21562,bearish
1778125740,2026-05-07 03:49:00+00:00,2426.89990234375,2427.0,2423.89990234375,2426.10009765625,24489,bearish
1778125800,2026-05-07 03:50:00+00:00,2426.0,2427.300048828125,2423.5,2423.5,10398,bearish
1778125860,2026-05-07 03:51:00+00:00,2423.89990234375,2423.89990234375,2421.5,2421.5,15509,bearish
1778125920,2026-05-07 03:52:00+00:00,2419.10009765625,2419.10009765625,2416.199951171875,2417.699951171875,24298,bearish
1778125980,2026-05-07 03:53:00+00:00,2417.699951171875,2417.699951171875,2415.199951171875,2417.5,12929,bearish
1778126040,2026-05-07 03:54:00+00:00,2417.89990234375,2418.199951171875,2415.60009765625,2416.39990234375,19272,bearish
1778126100,2026-05-07 03:55:00+00:00,2417.39990234375,2417.39990234375,2412.10009765625,2412.10009765625,24652,bearish
1778126160,2026-05-07 03:56:00+00:00,2412.800048828125,2415.0,2412.699951171875,2413.800048828125,16204,bullish
1778126220,2026-05-07 03:57:00+00:00,2413.800048828125,2414.800048828125,2413.0,2414.0,15953,bullish
1778126280,2026-05-07 03:58:00+00:00,2413.89990234375,2415.5,2413.199951171875,2413.199951171875,15970,bearish
1778126340,2026-05-07 03:59:00+00:00,2413.89990234375,2413.89990234375,2406.699951171875,2408.0,37407,bearish
1778126400,2026-05-07 04:00:00+00:00,2407.10009765625,2408.199951171875,2404.89990234375,2407.0,70372,bearish
1778126460,2026-05-07 04:01:00+00:00,2407.5,2414.199951171875,2407.10009765625,2414.199951171875,16027,bullish
1778126520,2026-05-07 04:02:00+00:00,2413.300048828125,2413.89990234375,2409.800048828125,2410.39990234375,13577,bearish
1778126580,2026-05-07 04:03:00+00:00,2410.60009765625,2410.800048828125,2407.10009765625,2407.300048828125,17615,bearish
1778126640,2026-05-07 04:04:00+00:00,2407.300048828125,2408.39990234375,2405.39990234375,2408.10009765625,16995,bullish
1778126700,2026-05-07 04:05:00+00:00,2407.699951171875,2408.199951171875,2403.699951171875,2407.800048828125,28908,bullish
1778126760,2026-05-07 04:06:00+00:00,2407.300048828125,2408.0,2405.0,2406.10009765625,8834,bearish
1778126820,2026-05-07 04:07:00+00:00,2406.5,2411.199951171875,2406.10009765625,2410.10009765625,18775,bullish
1778126880,2026-05-07 04:08:00+00:00,2410.39990234375,2411.0,2409.10009765625,2410.10009765625,20065,bearish
1778126940,2026-05-07 04:09:00+00:00,2410.0,2410.800048828125,2409.300048828125,2410.800048828125,6063,bullish
1778127000,2026-05-07 04:10:00+00:00,2410.5,2413.0,2410.10009765625,2413.0,10964,bullish
1778127060,2026-05-07 04:11:00+00:00,2413.0,2414.300048828125,2413.0,2414.300048828125,7823,bullish
1778127120,2026-05-07 04:12:00+00:00,2416.199951171875,2417.0,2416.10009765625,2416.800048828125,19151,bullish
1778127180,2026-05-07 04:13:00+00:00,2416.800048828125,2417.0,2415.199951171875,2416.0,9458,bearish
1778127240,2026-05-07 04:14:00+00:00,2416.0,2417.699951171875,2415.10009765625,2415.10009765625,14950,bearish
1778127300,2026-05-07 04:15:00+00:00,2415.10009765625,2415.199951171875,2414.10009765625,2415.10009765625,219679,doji
1778127360,2026-05-07 04:16:00+00:00,2415.10009765625,2416.0,2414.10009765625,2414.10009765625,9980,bearish
1778127420,2026-05-07 04:17:00+00:00,2414.699951171875,2414.699951171875,2413.60009765625,2413.699951171875,5386,bearish
1778127480,2026-05-07 04:18:00+00:00,2413.800048828125,2415.89990234375,2413.800048828125,2414.199951171875,11701,bullish
1778127540,2026-05-07 04:19:00+00:00,2414.199951171875,2415.0,2414.0,2414.0,3848,bearish
1778127600,2026-05-07 04:20:00+00:00,2413.10009765625,2413.39990234375,2412.0,2412.89990234375,14729,bearish
1778127660,2026-05-07 04:21:00+00:00,2413.0,2413.39990234375,2412.10009765625,2412.10009765625,5573,bearish
1778127720,2026-05-07 04:22:00+00:00,2411.800048828125,2412.199951171875,2410.199951171875,2410.199951171875,5761,bearish
1778127780,2026-05-07 04:23:00+00:00,2410.10009765625,2411.39990234375,2410.10009765625,2411.300048828125,6038,bullish
1778127840,2026-05-07 04:24:00+00:00,2411.0,2411.10009765625,2410.199951171875,2411.10009765625,22447,bullish
1778127900,2026-05-07 04:25:00+00:00,2411.0,2415.89990234375,2411.0,2415.800048828125,14232,bullish
1778127960,2026-05-07 04:26:00+00:00,2415.89990234375,2416.800048828125,2415.60009765625,2416.800048828125,7877,bullish
1778128020,2026-05-07 04:27:00+00:00,2416.300048828125,2416.89990234375,2415.300048828125,2416.199951171875,16318,bearish
1778128080,2026-05-07 04:28:00+00:00,2416.5,2417.199951171875,2416.300048828125,2417.199951171875,2277,bullish
1778128140,2026-05-07 04:29:00+00:00,2417.0,2417.10009765625,2413.39990234375,2414.60009765625,16211,bearish
1778128200,2026-05-07 04:30:00+00:00,2414.60009765625,2415.300048828125,2414.5,2415.199951171875,4064,bullish
1778128260,2026-05-07 04:31:00+00:00,2415.199951171875,2416.39990234375,2415.10009765625,2415.199951171875,7476,doji
1778128320,2026-05-07 04:32:00+00:00,2415.300048828125,2416.10009765625,2415.199951171875,2415.5,3973,bullish
1778128380,2026-05-07 04:33:00+00:00,2415.0,2415.60009765625,2414.89990234375,2415.60009765625,5696,bullish
1778128440,2026-05-07 04:34:00+00:00,2415.10009765625,2416.699951171875,2415.10009765625,2416.60009765625,5590,bullish
1778128500,2026-05-07 04:35:00+00:00,2417.0,2417.0,2415.5,2416.300048828125,6054,bearish
1778128560,2026-05-07 04:36:00+00:00,2416.300048828125,2416.5,2416.0,2416.0,7655,bearish
1778128620,2026-05-07 04:37:00+00:00,2415.5,2415.699951171875,2415.5,2415.5,3024,doji
1778128680,2026-05-07 04:38:00+00:00,2415.39990234375,2415.39990234375,2414.0,2414.89990234375,10366,bearish
1778128740,2026-05-07 04:39:00+00:00,2414.199951171875,2414.199951171875,2412.0,2413.0,4397,bearish
1778128800,2026-05-07 04:40:00+00:00,2413.10009765625,2413.800048828125,2412.5,2412.5,5244,bearish
1778128860,2026-05-07 04:41:00+00:00,2412.699951171875,2413.0,2411.199951171875,2411.199951171875,5247,bearish
1778128920,2026-05-07 04:42:00+00:00,2411.699951171875,2411.699951171875,2411.0,2411.60009765625,10243,bearish
1778128980,2026-05-07 04:43:00+00:00,2411.10009765625,2412.300048828125,2411.10009765625,2412.300048828125,5173,bullish
1778129040,2026-05-07 04:44:00+00:00,2412.0,2412.5,2411.60009765625,2411.60009765625,3831,bearish
1778129100,2026-05-07 04:45:00+00:00,2411.60009765625,2411.800048828125,2411.0,2411.0,6324,bearish
1778129160,2026-05-07 04:46:00+00:00,2411.39990234375,2411.800048828125,2411.0,2411.800048828125,5234,bullish
1778129220,2026-05-07 04:47:00+00:00,2411.800048828125,2412.89990234375,2411.39990234375,2412.89990234375,4892,bullish
1778129280,2026-05-07 04:48:00+00:00,2413.39990234375,2414.39990234375,2413.39990234375,2413.39990234375,7610,doji
1778129340,2026-05-07 04:49:00+00:00,2413.800048828125,2414.10009765625,2413.0,2413.699951171875,3713,bearish
1778129400,2026-05-07 04:50:00+00:00,2413.60009765625,2415.60009765625,2413.5,2415.5,3783,bullish
1778129460,2026-05-07 04:51:00+00:00,2415.300048828125,2415.300048828125,2414.39990234375,2414.5,3022,bearish
1778129520,2026-05-07 04:52:00+00:00,2414.800048828125,2415.300048828125,2414.10009765625,2414.699951171875,4713,bearish
1778129580,2026-05-07 04:53:00+00:00,2414.800048828125,2414.800048828125,2413.699951171875,2414.5,5542,bearish
1778129640,2026-05-07 04:54:00+00:00,2414.39990234375,2414.60009765625,2413.5,2414.10009765625,2476,bearish
1778129700,2026-05-07 04:55:00+00:00,2414.10009765625,2414.10009765625,2413.10009765625,2414.10009765625,2951,doji
1778129760,2026-05-07 04:56:00+00:00,2413.89990234375,2414.10009765625,2413.5,2414.0,4547,bullish
1778129820,2026-05-07 04:57:00+00:00,2413.0,2413.89990234375,2412.300048828125,2412.300048828125,6086,bearish
1778129880,2026-05-07 04:58:00+00:00,2413.300048828125,2413.300048828125,2411.10009765625,2411.10009765625,5726,bearish
1778129940,2026-05-07 04:59:00+00:00,2411.10009765625,2411.5,2411.0,2411.199951171875,8502,bullish
1778130000,2026-05-07 05:00:00+00:00,2411.300048828125,2412.800048828125,2411.10009765625,2412.5,8803,bullish
1778130060,2026-05-07 05:01:00+00:00,2412.5,2412.5,2411.60009765625,2411.699951171875,5354,bearish
1778130120,2026-05-07 05:02:00+00:00,2412.10009765625,2412.39990234375,2411.10009765625,2412.300048828125,3536,bullish
1778130180,2026-05-07 05:03:00+00:00,2412.300048828125,2412.5,2411.10009765625,2412.39990234375,4689,bullish
1778130240,2026-05-07 05:04:00+00:00,2412.5,2415.0,2412.199951171875,2414.800048828125,7077,bullish
1778130300,2026-05-07 05:05:00+00:00,2414.699951171875,2414.800048828125,2412.60009765625,2413.199951171875,4556,bearish
1778130360,2026-05-07 05:06:00+00:00,2413.199951171875,2414.60009765625,2413.0,2414.60009765625,111373,bullish
1778130420,2026-05-07 05:07:00+00:00,2414.5,2415.10009765625,2414.39990234375,2415.10009765625,206920,bullish
1778130480,2026-05-07 05:08:00+00:00,2415.10009765625,2415.60009765625,2414.800048828125,2415.60009765625,13084,bullish
1778130540,2026-05-07 05:09:00+00:00,2415.60009765625,2415.60009765625,2414.300048828125,2414.699951171875,4280,bearish
1778130600,2026-05-07 05:10:00+00:00,2414.699951171875,2414.800048828125,2414.10009765625,2414.800048828125,1157,bullish
1778130660,2026-05-07 05:11:00+00:00,2414.800048828125,2414.800048828125,2414.0,2414.39990234375,5798,bearish
1778130720,2026-05-07 05:12:00+00:00,2414.5,2414.5,2414.0,2414.0,5329,bearish
1778130780,2026-05-07 05:13:00+00:00,2414.0,2414.0,2411.39990234375,2411.800048828125,7374,bearish
1778130840,2026-05-07 05:14:00+00:00,2411.89990234375,2412.0,2411.699951171875,2412.0,3791,bullish
1778130900,2026-05-07 05:15:00+00:00,2412.0,2412.39990234375,2411.89990234375,2412.300048828125,2606,bullish
1778130960,2026-05-07 05:16:00+00:00,2412.300048828125,2412.300048828125,2411.699951171875,2411.699951171875,5715,bearish
1778131020,2026-05-07 05:17:00+00:00,2411.199951171875,2411.199951171875,2411.0,2411.10009765625,10309,bearish
1778131080,2026-05-07 05:18:00+00:00,2411.10009765625,2411.60009765625,2410.699951171875,2411.300048828125,22949,bullish
1778131140,2026-05-07 05:19:00+00:00,2412.10009765625,2413.0,2412.0,2412.800048828125,3940,bullish
1778131200,2026-05-07 05:20:00+00:00,2412.60009765625,2412.60009765625,2411.800048828125,2411.89990234375,2557,bearish
1778131260,2026-05-07 05:21:00+00:00,2411.800048828125,2411.89990234375,2410.60009765625,2410.60009765625,8760,bearish
1778131320,2026-05-07 05:22:00+00:00,2411.0,2411.199951171875,2410.39990234375,2410.39990234375,9193,bearish
1778131380,2026-05-07 05:23:00+00:00,2410.39990234375,2410.39990234375,2408.0,2409.0,24816,bearish
1778131440,2026-05-07 05:24:00+00:00,2408.800048828125,2412.89990234375,2408.800048828125,2412.89990234375,7001,bullish
1778131500,2026-05-07 05:25:00+00:00,2412.89990234375,2413.39990234375,2412.60009765625,2413.10009765625,4087,bullish
1778131560,2026-05-07 05:26:00+00:00,2413.10009765625,2413.199951171875,2411.60009765625,2412.60009765625,2856,bearish
1778131620,2026-05-07 05:27:00+00:00,2412.5,2412.5,2411.89990234375,2412.300048828125,1571,bearish
1778131680,2026-05-07 05:28:00+00:00,2412.10009765625,2412.10009765625,2411.5,2412.0,3330,bearish
1778131740,2026-05-07 05:29:00+00:00,2412.10009765625,2412.5,2412.0,2412.5,4117,bullish
1778131800,2026-05-07 05:30:00+00:00,2412.10009765625,2412.39990234375,2412.10009765625,2412.10009765625,3325,doji
1778131860,2026-05-07 05:31:00+00:00,2411.800048828125,2411.89990234375,2411.0,2411.89990234375,1429,bullish
1778131920,2026-05-07 05:32:00+00:00,2411.199951171875,2411.199951171875,2410.0,2410.199951171875,5540,bearish
1778131980,2026-05-07 05:33:00+00:00,2410.0,2410.800048828125,2409.10009765625,2409.699951171875,4473,bearish
1778132040,2026-05-07 05:34:00+00:00,2409.699951171875,2410.699951171875,2408.39990234375,2410.5,11623,bullish
1778132100,2026-05-07 05:35:00+00:00,2410.39990234375,2410.60009765625,2408.89990234375,2410.0,4784,bearish
1778132160,2026-05-07 05:36:00+00:00,2410.300048828125,2410.5,2409.0,2409.5,4038,bearish
1778132220,2026-05-07 05:37:00+00:00,2409.60009765625,2409.60009765625,2409.0,2409.10009765625,2399,bearish
1778132280,2026-05-07 05:38:00+00:00,2409.10009765625,2409.10009765625,2408.0,2408.199951171875,8053,bearish
1778132340,2026-05-07 05:39:00+00:00,2408.699951171875,2408.699951171875,2408.10009765625,2408.300048828125,3624,bearish
1778132400,2026-05-07 05:40:00+00:00,2408.199951171875,2408.300048828125,2406.5,2407.39990234375,7820,bearish
1778132460,2026-05-07 05:41:00+00:00,2407.39990234375,2407.5,2406.199951171875,2406.800048828125,12628,bearish
1778132520,2026-05-07 05:42:00+00:00,2407.800048828125,2408.199951171875,2406.39990234375,2406.800048828125,4815,bearish
1778132580,2026-05-07 05:43:00+00:00,2406.39990234375,2407.0,2405.5,2407.0,6123,bullish
1778132640,2026-05-07 05:44:00+00:00,2407.10009765625,2408.300048828125,2407.10009765625,2408.300048828125,6839,bullish
1778132700,2026-05-07 05:45:00+00:00,2407.89990234375,2408.89990234375,2407.5,2408.199951171875,9906,bullish
1778132760,2026-05-07 05:46:00+00:00,2408.199951171875,2408.5,2407.5,2408.5,3131,bullish
1778132820,2026-05-07 05:47:00+00:00,2408.39990234375,2408.39990234375,2406.699951171875,2407.0,54362,bearish
1778132880,2026-05-07 05:48:00+00:00,2407.10009765625,2407.300048828125,2406.60009765625,2407.10009765625,3530,doji
1778132940,2026-05-07 05:49:00+00:00,2407.800048828125,2407.800048828125,2406.89990234375,2407.0,4456,bearish
1778133000,2026-05-07 05:50:00+00:00,2405.89990234375,2406.0,2404.10009765625,2404.5,235031,bearish
1778133060,2026-05-07 05:51:00+00:00,2404.39990234375,2406.0,2404.10009765625,2405.10009765625,5929,bullish
1778133120,2026-05-07 05:52:00+00:00,2405.199951171875,2405.199951171875,2404.0,2404.5,7872,bearish
1778133180,2026-05-07 05:53:00+00:00,2404.5,2405.89990234375,2404.5,2405.60009765625,4424,bullish
1778133240,2026-05-07 05:54:00+00:00,2405.89990234375,2405.89990234375,2404.5,2404.89990234375,7729,bearish
1778133300,2026-05-07 05:55:00+00:00,2405.0,2405.0,2403.0,2403.300048828125,13722,bearish
1778133360,2026-05-07 05:56:00+00:00,2403.5,2403.5,2402.0,2402.199951171875,14603,bearish
1778133420,2026-05-07 05:57:00+00:00,2402.60009765625,2402.60009765625,2401.60009765625,2401.699951171875,7536,bearish
1778133480,2026-05-07 05:58:00+00:00,2401.800048828125,2402.699951171875,2401.5,2402.39990234375,8012,bullish
1778133540,2026-05-07 05:59:00+00:00,2402.89990234375,2404.89990234375,2402.89990234375,2404.300048828125,2989,bullish
1778133600,2026-05-07 06:00:00+00:00,2404.800048828125,2405.39990234375,2404.5,2405.0,5774,bullish
1778133660,2026-05-07 06:01:00+00:00,2404.89990234375,2406.89990234375,2403.10009765625,2406.800048828125,14056,bullish
1778133720,2026-05-07 06:02:00+00:00,2406.89990234375,2407.89990234375,2406.39990234375,2407.199951171875,6491,bullish
1778133780,2026-05-07 06:03:00+00:00,2407.39990234375,2407.60009765625,2405.300048828125,2405.89990234375,4580,bearish
1778133840,2026-05-07 06:04:00+00:00,2406.10009765625,2406.10009765625,2404.699951171875,2405.800048828125,4375,bearish
1778133900,2026-05-07 06:05:00+00:00,2405.800048828125,2405.800048828125,2405.39990234375,2405.60009765625,3218,bearish
1778133960,2026-05-07 06:06:00+00:00,2405.60009765625,2406.89990234375,2405.300048828125,2406.800048828125,4823,bullish
1778134020,2026-05-07 06:07:00+00:00,2406.800048828125,2406.800048828125,2405.300048828125,2406.0,4778,bearish
1778134080,2026-05-07 06:08:00+00:00,2405.89990234375,2406.0,2405.10009765625,2405.60009765625,4077,bearish
1778134140,2026-05-07 06:09:00+00:00,2405.699951171875,2405.699951171875,2404.5,2405.199951171875,2720,bearish
1778134200,2026-05-07 06:10:00+00:00,2405.699951171875,2405.699951171875,2404.800048828125,2404.800048828125,4653,bearish
1778134260,2026-05-07 06:11:00+00:00,2404.199951171875,2404.800048828125,2404.10009765625,2404.10009765625,13058,bearish
1778134320,2026-05-07 06:12:00+00:00,2404.5,2404.5,2403.300048828125,2403.60009765625,6105,bearish
1778134380,2026-05-07 06:13:00+00:00,2403.39990234375,2403.5,2402.5,2403.0,5744,bearish
1778134440,2026-05-07 06:14:00+00:00,2403.199951171875,2403.39990234375,2402.0,2402.10009765625,6315,bearish
1778134500,2026-05-07 06:15:00+00:00,2401.60009765625,2401.89990234375,2401.0,2401.0,28657,bearish
1778134560,2026-05-07 06:16:00+00:00,2401.0,2401.800048828125,2400.89990234375,2401.800048828125,6255,bullish
1778134620,2026-05-07 06:17:00+00:00,2401.800048828125,2402.10009765625,2401.300048828125,2401.5,6160,bearish
1778134680,2026-05-07 06:18:00+00:00,2402.0,2402.5,2401.0,2402.5,7783,bullish
1778134740,2026-05-07 06:19:00+00:00,2402.5,2404.0,2402.5,2403.60009765625,5477,bullish
1778134800,2026-05-07 06:20:00+00:00,2403.60009765625,2403.89990234375,2402.5,2402.5,15795,bearish
1778134860,2026-05-07 06:21:00+00:00,2403.300048828125,2403.300048828125,2402.300048828125,2402.800048828125,2582,bearish
1778134920,2026-05-07 06:22:00+00:00,2402.800048828125,2404.699951171875,2402.5,2404.699951171875,6792,bullish
1778134980,2026-05-07 06:23:00+00:00,2404.699951171875,2404.699951171875,2404.0,2404.300048828125,8155,bearish
1778135040,2026-05-07 06:24:00+00:00,2404.5,2404.5,2404.0,2404.199951171875,5164,bearish
1778135100,2026-05-07 06:25:00+00:00,2404.300048828125,2404.300048828125,2403.89990234375,2404.10009765625,4375,bearish
1778135160,2026-05-07 06:26:00+00:00,2404.199951171875,2404.300048828125,2404.0,2404.300048828125,3250,bullish
1778135220,2026-05-07 06:27:00+00:00,2404.300048828125,2404.300048828125,2404.10009765625,2404.300048828125,2570,doji
1778135280,2026-05-07 06:28:00+00:00,2404.300048828125,2406.0,2404.10009765625,2406.0,5960,bullish
1778135340,2026-05-07 06:29:00+00:00,2406.199951171875,2407.0,2406.10009765625,2406.199951171875,5936,doji
1778135400,2026-05-07 06:30:00+00:00,2406.39990234375,2407.0,2405.699951171875,2406.300048828125,166188,bearish
1778135460,2026-05-07 06:31:00+00:00,2406.0,2408.0,2405.800048828125,2408.0,7994,bullish
1778135520,2026-05-07 06:32:00+00:00,2408.0,2409.89990234375,2407.800048828125,2408.800048828125,12234,bullish
1778135580,2026-05-07 06:33:00+00:00,2409.0,2409.699951171875,2408.199951171875,2408.800048828125,5293,bearish
1778135640,2026-05-07 06:34:00+00:00,2408.39990234375,2408.39990234375,2406.0,2406.39990234375,4133,bearish
1778135880,2026-05-07 06:38:00+00:00,2435.39990234375,2435.39990234375,2405.10009765625,2405.5,26447,bearish
1778135940,2026-05-07 06:39:00+00:00,2405.60009765625,2405.800048828125,2405.0,2405.5,4912,bearish
1778136000,2026-05-07 06:40:00+00:00,2405.800048828125,2406.699951171875,2405.199951171875,2406.699951171875,3475,bullish
1778136060,2026-05-07 06:41:00+00:00,2406.800048828125,2406.800048828125,2406.10009765625,2406.10009765625,2605,bearish
1778136120,2026-05-07 06:42:00+00:00,2406.10009765625,2406.10009765625,2404.0,2404.10009765625,7587,bearish
1778136180,2026-05-07 06:43:00+00:00,2404.0,2405.800048828125,2404.0,2405.5,15871,bullish
1778136240,2026-05-07 06:44:00+00:00,2405.5,2405.5,2404.0,2404.5,7734,bearish
1778136300,2026-05-07 06:45:00+00:00,2404.199951171875,2405.199951171875,2404.10009765625,2405.199951171875,11052,bullish
1778136360,2026-05-07 06:46:00+00:00,2405.199951171875,2406.39990234375,2405.0,2406.39990234375,6617,bullish
1778136420,2026-05-07 06:47:00+00:00,2406.0,2407.5,2405.800048828125,2407.5,10720,bullish
1778136480,2026-05-07 06:48:00+00:00,2407.39990234375,2407.5,2406.5,2407.5,4747,bullish
1778136540,2026-05-07 06:49:00+00:00,2407.60009765625,2407.60009765625,2406.199951171875,2406.199951171875,5331,bearish
1778136600,2026-05-07 06:50:00+00:00,2405.60009765625,2406.800048828125,2405.5,2406.60009765625,10303,bullish
1778136660,2026-05-07 06:51:00+00:00,2406.699951171875,2408.199951171875,2405.89990234375,2408.10009765625,10731,bullish
1778136720,2026-05-07 06:52:00+00:00,2408.10009765625,2408.89990234375,2406.800048828125,2408.300048828125,11807,bullish
1778136780,2026-05-07 06:53:00+00:00,2408.300048828125,2408.89990234375,2408.0,2408.699951171875,4227,bullish
1778136840,2026-05-07 06:54:00+00:00,2408.800048828125,2409.0,2408.0,2408.199951171875,7186,bearish
1778136900,2026-05-07 06:55:00+00:00,2408.60009765625,2409.0,2408.0,2408.60009765625,3936,doji
1778136960,2026-05-07 06:56:00+00:00,2408.800048828125,2409.300048828125,2408.300048828125,2409.199951171875,8120,bullish
1778137020,2026-05-07 06:57:00+00:00,2409.199951171875,2409.800048828125,2408.300048828125,2409.699951171875,7251,bullish
1778137080,2026-05-07 06:58:00+00:00,2409.5,2409.800048828125,2408.60009765625,2409.800048828125,3605,bullish
1778137140,2026-05-07 06:59:00+00:00,2409.800048828125,2409.800048828125,2409.10009765625,2409.300048828125,5452,bearish
1778137200,2026-05-07 07:00:00+00:00,2408.800048828125,2408.800048828125,2407.10009765625,2407.10009765625,7483,bearish
1778137260,2026-05-07 07:01:00+00:00,2406.199951171875,2407.199951171875,2406.199951171875,2406.89990234375,3511,bullish
1778137320,2026-05-07 07:02:00+00:00,2406.89990234375,2406.89990234375,2406.0,2406.300048828125,3833,bearish
1778137380,2026-05-07 07:03:00+00:00,2406.5,2406.5,2404.10009765625,2405.5,17562,bearish
1778137440,2026-05-07 07:04:00+00:00,2405.800048828125,2407.699951171875,2404.699951171875,2407.5,5468,bullish
1778137500,2026-05-07 07:05:00+00:00,2407.199951171875,2407.89990234375,2405.60009765625,2406.10009765625,5278,bearish
1778137560,2026-05-07 07:06:00+00:00,2406.10009765625,2407.699951171875,2405.10009765625,2407.699951171875,163127,bullish
1778137620,2026-05-07 07:07:00+00:00,2407.199951171875,2407.89990234375,2406.10009765625,2407.800048828125,3492,bullish
1778137680,2026-05-07 07:08:00+00:00,2407.699951171875,2412.60009765625,2407.699951171875,2411.199951171875,31372,bullish
1778137740,2026-05-07 07:09:00+00:00,2411.5,2414.0,2411.199951171875,2413.10009765625,17810,bullish
1778137800,2026-05-07 07:10:00+00:00,2413.60009765625,2416.199951171875,2413.5,2416.0,31230,bullish
1778137860,2026-05-07 07:11:00+00:00,2415.89990234375,2416.89990234375,2415.0,2415.800048828125,121797,bearish
1778137920,2026-05-07 07:12:00+00:00,2416.0,2416.800048828125,2415.699951171875,2416.300048828125,10513,bullish
1778137980,2026-05-07 07:13:00+00:00,2416.0,2416.5,2414.5,2414.699951171875,6615,bearish
1778138040,2026-05-07 07:14:00+00:00,2414.699951171875,2416.0,2414.699951171875,2415.0,4714,bullish
1778138100,2026-05-07 07:15:00+00:00,2415.0,2415.0,2412.300048828125,2414.0,13008,bearish
1778138160,2026-05-07 07:16:00+00:00,2414.0,2415.5,2414.0,2414.10009765625,27786,bullish
1778138220,2026-05-07 07:17:00+00:00,2414.10009765625,2415.5,2412.60009765625,2415.39990234375,10730,bullish
1778138280,2026-05-07 07:18:00+00:00,2415.199951171875,2416.0,2415.0,2416.0,6743,bullish
1778138340,2026-05-07 07:19:00+00:00,2415.89990234375,2416.0,2414.60009765625,2415.60009765625,6607,bearish
1778138400,2026-05-07 07:20:00+00:00,2415.699951171875,2416.199951171875,2415.60009765625,2416.199951171875,6245,bullish
1778138460,2026-05-07 07:21:00+00:00,2415.699951171875,2415.699951171875,2414.5,2415.0,4686,bearish
1778138520,2026-05-07 07:22:00+00:00,2414.699951171875,2415.0,2414.39990234375,2414.60009765625,105096,bearish
1778138580,2026-05-07 07:23:00+00:00,2414.89990234375,2414.89990234375,2410.800048828125,2410.800048828125,6126,bearish
1778138640,2026-05-07 07:24:00+00:00,2411.10009765625,2412.39990234375,2410.0,2412.39990234375,9423,bullish
1778138700,2026-05-07 07:25:00+00:00,2412.300048828125,2413.10009765625,2411.199951171875,2411.199951171875,6278,bearish
1778138760,2026-05-07 07:26:00+00:00,2411.39990234375,2413.60009765625,2408.5,2413.60009765625,18973,bullish
1778138820,2026-05-07 07:27:00+00:00,2413.60009765625,2413.800048828125,2410.199951171875,2411.39990234375,7692,bearish
1778138880,2026-05-07 07:28:00+00:00,2411.300048828125,2411.300048828125,2410.199951171875,2411.0,3717,bearish
1778138940,2026-05-07 07:29:00+00:00,2411.0,2412.199951171875,2410.89990234375,2411.89990234375,5371,bullish
1778139000,2026-05-07 07:30:00+00:00,2411.0,2413.300048828125,2410.199951171875,2412.199951171875,8322,bullish
1778139060,2026-05-07 07:31:00+00:00,2413.199951171875,2413.199951171875,2411.300048828125,2412.39990234375,3553,bearish
1778139120,2026-05-07 07:32:00+00:00,2412.300048828125,2412.5,2411.0,2411.89990234375,3150,bearish
1778139180,2026-05-07 07:33:00+00:00,2411.89990234375,2413.300048828125,2411.800048828125,2412.89990234375,3428,bullish
1778139240,2026-05-07 07:34:00+00:00,2412.89990234375,2413.5,2412.60009765625,2413.10009765625,3798,bullish
1778139300,2026-05-07 07:35:00+00:00,2413.39990234375,2413.5,2412.60009765625,2413.5,4055,bullish
1778139360,2026-05-07 07:36:00+00:00,2412.5,2414.800048828125,2412.0,2413.800048828125,13253,bullish
1778139420,2026-05-07 07:37:00+00:00,2414.39990234375,2415.0,2412.10009765625,2413.0,4736,bearish
1778139480,2026-05-07 07:38:00+00:00,2413.699951171875,2414.0,2411.300048828125,2413.199951171875,3916,bearish
1778139540,2026-05-07 07:39:00+00:00,2413.10009765625,2413.10009765625,2412.10009765625,2412.199951171875,3489,bearish
1778139600,2026-05-07 07:40:00+00:00,2412.60009765625,2412.60009765625,2411.199951171875,2411.60009765625,4378,bearish
1778139660,2026-05-07 07:41:00+00:00,2411.60009765625,2411.89990234375,2411.199951171875,2411.800048828125,2532,bullish
1778139720,2026-05-07 07:42:00+00:00,2411.199951171875,2411.39990234375,2410.199951171875,2411.39990234375,5594,bullish
1778139780,2026-05-07 07:43:00+00:00,2411.5,2412.60009765625,2411.0,2412.60009765625,2074,bullish
1778139840,2026-05-07 07:44:00+00:00,2412.60009765625,2412.699951171875,2411.300048828125,2412.699951171875,2128,bullish
1778139900,2026-05-07 07:45:00+00:00,2412.300048828125,2412.800048828125,2411.0,2411.300048828125,6356,bearish
1778139960,2026-05-07 07:46:00+00:00,2411.89990234375,2413.199951171875,2411.60009765625,2412.199951171875,3402,bullish
1778140020,2026-05-07 07:47:00+00:00,2412.800048828125,2412.800048828125,2411.699951171875,2412.0,4300,bearish
1778140080,2026-05-07 07:48:00+00:00,2411.5,2411.5,2409.0,2409.0,23470,bearish
1778140140,2026-05-07 07:49:00+00:00,2408.60009765625,2409.60009765625,2406.199951171875,2409.60009765625,10904,bullish
1778140200,2026-05-07 07:50:00+00:00,2409.5,2410.800048828125,2408.39990234375,2410.800048828125,6176,bullish
1778140260,2026-05-07 07:51:00+00:00,2411.60009765625,2411.89990234375,2409.5,2410.300048828125,6104,bearish
1778140320,2026-05-07 07:52:00+00:00,2410.89990234375,2411.5,2410.0,2411.5,15076,bullish
1778140380,2026-05-07 07:53:00+00:00,2411.39990234375,2411.5,2409.199951171875,2409.60009765625,6952,bearish
1778140440,2026-05-07 07:54:00+00:00,2409.199951171875,2409.60009765625,2408.0,2409.5,3694,bullish
1778140500,2026-05-07 07:55:00+00:00,2409.60009765625,2410.0,2409.0,2409.60009765625,2191,doji
1778140560,2026-05-07 07:56:00+00:00,2409.60009765625,2410.0,2409.10009765625,2410.0,1530,bullish
1778140620,2026-05-07 07:57:00+00:00,2410.0,2410.0,2409.0,2410.0,2533,doji
1778140680,2026-05-07 07:58:00+00:00,2410.0,2410.39990234375,2409.89990234375,2410.0,2611,doji
1778140740,2026-05-07 07:59:00+00:00,2409.39990234375,2409.89990234375,2408.60009765625,2409.60009765625,1910,bullish
1778140800,2026-05-07 08:00:00+00:00,2409.60009765625,2409.699951171875,2408.89990234375,2409.5,3583,bearish
1778140860,2026-05-07 08:01:00+00:00,2409.800048828125,2409.800048828125,2408.89990234375,2409.5,3622,bearish
1778140920,2026-05-07 08:02:00+00:00,2409.0,2409.800048828125,2408.5,2408.800048828125,6041,bearish
1778140980,2026-05-07 08:03:00+00:00,2408.89990234375,2408.89990234375,2408.39990234375,2408.39990234375,3251,bearish
1778141040,2026-05-07 08:04:00+00:00,2408.0,2409.10009765625,2408.0,2409.10009765625,3980,bullish
1778141100,2026-05-07 08:05:00+00:00,2409.10009765625,2409.10009765625,2408.0,2408.0,4459,bearish
1778141160,2026-05-07 08:06:00+00:00,2407.89990234375,2409.199951171875,2407.5,2409.0,6514,bullish
1778141220,2026-05-07 08:07:00+00:00,2409.0,2409.199951171875,2408.0,2408.199951171875,4445,bearish
1778141280,2026-05-07 08:08:00+00:00,2408.199951171875,2408.199951171875,2407.199951171875,2407.39990234375,12320,bearish
1778141340,2026-05-07 08:09:00+00:00,2408.0,2408.60009765625,2407.89990234375,2407.89990234375,9101,bearish
1778141400,2026-05-07 08:10:00+00:00,2407.800048828125,2408.300048828125,2405.800048828125,2407.699951171875,13190,bearish
1778141460,2026-05-07 08:11:00+00:00,2407.0,2408.60009765625,2407.0,2408.199951171875,4578,bullish
1778141520,2026-05-07 08:12:00+00:00,2408.39990234375,2408.5,2407.10009765625,2408.5,4794,bullish
1778141580,2026-05-07 08:13:00+00:00,2408.5,2409.0,2407.300048828125,2409.0,6055,bullish
1778141640,2026-05-07 08:14:00+00:00,2410.0,2410.0,2408.89990234375,2408.89990234375,7211,bearish
1778141700,2026-05-07 08:15:00+00:00,2408.699951171875,2408.800048828125,2407.800048828125,2408.0,5205,bearish
1778141760,2026-05-07 08:16:00+00:00,2408.0,2410.199951171875,2407.89990234375,2410.199951171875,6559,bullish
1778141820,2026-05-07 08:17:00+00:00,2410.199951171875,2411.0,2408.89990234375,2410.0,2887,bearish
1778141880,2026-05-07 08:18:00+00:00,2409.10009765625,2409.699951171875,2407.199951171875,2407.199951171875,2890,bearish
1778141940,2026-05-07 08:19:00+00:00,2407.5,2409.699951171875,2407.199951171875,2409.5,12915,bullish
1778142000,2026-05-07 08:20:00+00:00,2409.39990234375,2409.39990234375,2408.199951171875,2409.10009765625,3326,bearish
1778142060,2026-05-07 08:21:00+00:00,2408.39990234375,2408.800048828125,2407.300048828125,2407.60009765625,5566,bearish
1778142120,2026-05-07 08:22:00+00:00,2407.60009765625,2409.89990234375,2407.10009765625,2409.60009765625,10854,bullish
1778142180,2026-05-07 08:23:00+00:00,2409.60009765625,2409.60009765625,2408.5,2409.0,2860,bearish
1778142240,2026-05-07 08:24:00+00:00,2409.0,2409.300048828125,2408.0,2409.300048828125,2537,bullish
1778142300,2026-05-07 08:25:00+00:00,2409.199951171875,2409.800048828125,2409.10009765625,2409.300048828125,3125,bullish
1778142360,2026-05-07 08:26:00+00:00,2409.0,2409.300048828125,2408.199951171875,2408.800048828125,2267,bearish
1778142420,2026-05-07 08:27:00+00:00,2408.39990234375,2409.300048828125,2408.39990234375,2409.300048828125,12783,bullish
1778142480,2026-05-07 08:28:00+00:00,2409.300048828125,2409.39990234375,2408.89990234375,2409.10009765625,1751,bearish
1778142540,2026-05-07 08:29:00+00:00,2408.89990234375,2409.199951171875,2408.89990234375,2409.10009765625,2386,bullish
1778142600,2026-05-07 08:30:00+00:00,2409.10009765625,2409.10009765625,2408.5,2409.10009765625,2589,doji
1778142660,2026-05-07 08:31:00+00:00,2409.10009765625,2409.199951171875,2408.89990234375,2409.0,3223,bearish
1778142720,2026-05-07 08:32:00+00:00,2409.0,2409.0,2407.199951171875,2407.199951171875,9249,bearish
1778142780,2026-05-07 08:33:00+00:00,2407.800048828125,2407.800048828125,2405.800048828125,2406.5,7795,bearish
1778142840,2026-05-07 08:34:00+00:00,2406.699951171875,2407.39990234375,2406.10009765625,2406.39990234375,5854,bearish
1778142900,2026-05-07 08:35:00+00:00,2406.5,2406.5,2405.0,2406.300048828125,15243,bearish
1778142960,2026-05-07 08:36:00+00:00,2406.300048828125,2406.699951171875,2405.10009765625,2405.10009765625,6977,bearish
1778143020,2026-05-07 08:37:00+00:00,2405.0,2407.5,2405.0,2406.60009765625,8162,bullish
1778143080,2026-05-07 08:38:00+00:00,2406.60009765625,2407.60009765625,2406.199951171875,2407.5,10552,bullish
1778143140,2026-05-07 08:39:00+00:00,2407.5,2407.60009765625,2405.0,2406.300048828125,13107,bearish
1778143200,2026-05-07 08:40:00+00:00,2406.39990234375,2407.39990234375,2406.199951171875,2407.0,5069,bullish
1778143260,2026-05-07 08:41:00+00:00,2407.0,2407.10009765625,2406.10009765625,2406.5,3859,bearish
1778143320,2026-05-07 08:42:00+00:00,2406.5,2406.5,2405.0,2405.39990234375,9145,bearish
1778143380,2026-05-07 08:43:00+00:00,2405.199951171875,2406.39990234375,2405.199951171875,2406.300048828125,9263,bullish
1778143440,2026-05-07 08:44:00+00:00,2406.300048828125,2406.300048828125,2404.300048828125,2404.300048828125,7647,bearish
1778143500,2026-05-07 08:45:00+00:00,2404.39990234375,2405.89990234375,2404.39990234375,2405.800048828125,3473,bullish
1778143560,2026-05-07 08:46:00+00:00,2405.300048828125,2405.300048828125,2404.39990234375,2404.5,3652,bearish
1778143620,2026-05-07 08:47:00+00:00,2404.60009765625,2404.60009765625,2404.0,2404.5,8209,bearish
1778143680,2026-05-07 08:48:00+00:00,2404.10009765625,2404.60009765625,2404.10009765625,2404.60009765625,29111,bullish
1778143740,2026-05-07 08:49:00+00:00,2404.800048828125,2404.89990234375,2403.5,2403.60009765625,13248,bearish
1778143800,2026-05-07 08:50:00+00:00,2403.60009765625,2403.800048828125,2403.0,2403.39990234375,15366,bearish
1778143860,2026-05-07 08:51:00+00:00,2403.60009765625,2405.699951171875,2403.60009765625,2405.699951171875,10541,bullish
1778143920,2026-05-07 08:52:00+00:00,2405.60009765625,2406.10009765625,2405.0,2405.199951171875,5037,bearish
1778143980,2026-05-07 08:53:00+00:00,2404.89990234375,2405.699951171875,2404.89990234375,2405.699951171875,4309,bullish
1778144040,2026-05-07 08:54:00+00:00,2405.199951171875,2405.800048828125,2405.199951171875,2405.800048828125,2360,bullish
1778144100,2026-05-07 08:55:00+00:00,2405.60009765625,2406.199951171875,2405.300048828125,2405.89990234375,3642,bullish
1778144160,2026-05-07 08:56:00+00:00,2405.800048828125,2406.10009765625,2405.800048828125,2406.0,2289,bullish
1778144220,2026-05-07 08:57:00+00:00,2406.0,2406.39990234375,2406.0,2406.0,3250,doji
1778144280,2026-05-07 08:58:00+00:00,2406.0,2406.0,2405.10009765625,2405.199951171875,5666,bearish
1778144340,2026-05-07 08:59:00+00:00,2405.10009765625,2405.60009765625,2405.10009765625,2405.300048828125,4074,bullish
1778144400,2026-05-07 09:00:00+00:00,2405.300048828125,2405.699951171875,2405.0,2405.5,5386,bullish
1778144460,2026-05-07 09:01:00+00:00,2404.800048828125,2404.800048828125,2403.39990234375,2404.10009765625,8394,bearish
1778144520,2026-05-07 09:02:00+00:00,2404.5,2404.60009765625,2404.10009765625,2404.5,6871,doji
1778144580,2026-05-07 09:03:00+00:00,2404.5,2406.10009765625,2404.39990234375,2406.10009765625,9129,bullish
1778144640,2026-05-07 09:04:00+00:00,2406.199951171875,2406.60009765625,2405.199951171875,2405.39990234375,11559,bearish
1778144700,2026-05-07 09:05:00+00:00,2405.300048828125,2406.0,2405.0,2405.5,4992,bullish
1778144760,2026-05-07 09:06:00+00:00,2405.0,2405.5,2403.5,2404.300048828125,7262,bearish
1778144820,2026-05-07 09:07:00+00:00,2404.10009765625,2404.60009765625,2404.10009765625,2404.60009765625,4991,bullish
1778144880,2026-05-07 09:08:00+00:00,2404.699951171875,2404.89990234375,2404.300048828125,2404.60009765625,8480,bearish
1778144940,2026-05-07 09:09:00+00:00,2404.699951171875,2404.89990234375,2404.300048828125,2404.300048828125,106608,bearish
1778145000,2026-05-07 09:10:00+00:00,2404.199951171875,2404.5,2404.10009765625,2404.5,13474,bullish
1778145060,2026-05-07 09:11:00+00:00,2404.699951171875,2405.199951171875,2404.39990234375,2404.39990234375,5271,bearish
1778145120,2026-05-07 09:12:00+00:00,2404.300048828125,2404.5,2403.699951171875,2403.699951171875,10307,bearish
1778145180,2026-05-07 09:13:00+00:00,2403.89990234375,2405.699951171875,2403.39990234375,2405.0,19915,bullish
1778145240,2026-05-07 09:14:00+00:00,2404.60009765625,2405.5,2404.300048828125,2405.5,9194,bullish
1778145300,2026-05-07 09:15:00+00:00,2405.5,2406.0,2405.300048828125,2405.89990234375,14692,bullish
1778145360,2026-05-07 09:16:00+00:00,2405.39990234375,2405.699951171875,2404.60009765625,2405.5,11711,bullish
1778145420,2026-05-07 09:17:00+00:00,2405.0,2405.5,2403.300048828125,2404.699951171875,12945,bearish
1778145480,2026-05-07 09:18:00+00:00,2404.699951171875,2404.699951171875,2403.10009765625,2403.39990234375,9423,bearish
1778145540,2026-05-07 09:19:00+00:00,2403.300048828125,2404.0,2403.0,2403.10009765625,10106,bearish
1778145600,2026-05-07 09:20:00+00:00,2403.0,2403.699951171875,2402.60009765625,2402.60009765625,15932,bearish
1778145660,2026-05-07 09:21:00+00:00,2402.60009765625,2403.5,2402.0,2402.60009765625,17928,doji
1778145720,2026-05-07 09:22:00+00:00,2402.800048828125,2404.0,2402.60009765625,2403.699951171875,10659,bullish
1778145780,2026-05-07 09:23:00+00:00,2403.5,2403.5,2402.89990234375,2403.10009765625,7716,bearish
1778145840,2026-05-07 09:24:00+00:00,2403.699951171875,2403.800048828125,2403.0,2403.10009765625,6788,bearish
1778145900,2026-05-07 09:25:00+00:00,2403.199951171875,2403.199951171875,2403.0,2403.0,6633,bearish
1778145960,2026-05-07 09:26:00+00:00,2403.0,2403.199951171875,2403.0,2403.10009765625,9906,bullish
1778146020,2026-05-07 09:27:00+00:00,2403.199951171875,2403.300048828125,2403.0,2403.0,8000,bearish
1778146080,2026-05-07 09:28:00+00:00,2402.89990234375,2403.300048828125,2401.39990234375,2403.10009765625,332219,bullish
1778146140,2026-05-07 09:29:00+00:00,2403.10009765625,2403.10009765625,2402.0,2402.199951171875,10940,bearish
1778146200,2026-05-07 09:30:00+00:00,2402.800048828125,2402.800048828125,2401.300048828125,2401.300048828125,29375,bearish
1778146260,2026-05-07 09:31:00+00:00,2401.0,2401.60009765625,2401.0,2401.60009765625,44742,bullish
1778146320,2026-05-07 09:32:00+00:00,2401.699951171875,2405.0,2401.699951171875,2405.0,47922,bullish
1778146380,2026-05-07 09:33:00+00:00,2405.0,2406.0,2404.89990234375,2405.699951171875,54725,bullish
1778146440,2026-05-07 09:34:00+00:00,2405.60009765625,2405.699951171875,2402.0,2402.10009765625,42307,bearish
1778146500,2026-05-07 09:35:00+00:00,2402.0,2403.60009765625,2402.0,2403.0,47419,bullish
1778146560,2026-05-07 09:36:00+00:00,2403.0,2403.0,2400.0,2400.10009765625,45655,bearish
1778146620,2026-05-07 09:37:00+00:00,2400.10009765625,2400.10009765625,2399.0,2399.0,98471,bearish
1778146680,2026-05-07 09:38:00+00:00,2399.39990234375,2399.5,2398.199951171875,2398.199951171875,35426,bearish
1778146740,2026-05-07 09:39:00+00:00,2398.5,2398.699951171875,2398.0,2398.0,24032,bearish
1778146800,2026-05-07 09:40:00+00:00,2398.10009765625,2399.199951171875,2398.0,2398.39990234375,46043,bullish
1778146860,2026-05-07 09:41:00+00:00,2398.39990234375,2398.60009765625,2398.0,2398.10009765625,19684,bearish
1778146920,2026-05-07 09:42:00+00:00,2398.0,2399.39990234375,2398.0,2399.39990234375,40197,bullish
1778146980,2026-05-07 09:43:00+00:00,2399.60009765625,2401.300048828125,2399.5,2401.300048828125,42067,bullish
1778147040,2026-05-07 09:44:00+00:00,2401.199951171875,2401.60009765625,2400.0,2400.300048828125,42354,bearish
1778147100,2026-05-07 09:45:00+00:00,2400.300048828125,2402.10009765625,2400.0,2401.89990234375,41173,bullish
1778147160,2026-05-07 09:46:00+00:00,2401.89990234375,2403.0,2401.89990234375,2402.800048828125,42675,bullish
1778147220,2026-05-07 09:47:00+00:00,2402.800048828125,2402.800048828125,2401.10009765625,2401.5,38476,bearish
1778147280,2026-05-07 09:48:00+00:00,2401.5,2401.699951171875,2400.0,2401.699951171875,48642,bullish
1778147340,2026-05-07 09:49:00+00:00,2401.699951171875,2401.89990234375,2401.60009765625,2401.89990234375,27110,bullish
1778147400,2026-05-07 09:50:00+00:00,2401.89990234375,2401.89990234375,2401.60009765625,2401.60009765625,25813,bearish
1778147460,2026-05-07 09:51:00+00:00,2401.60009765625,2401.699951171875,2401.60009765625,2401.60009765625,28276,doji
1778147520,2026-05-07 09:52:00+00:00,2401.699951171875,2401.699951171875,2401.39990234375,2401.5,39985,bearish
1778147580,2026-05-07 09:53:00+00:00,2401.60009765625,2401.60009765625,2401.10009765625,2401.10009765625,31162,bearish
1778147640,2026-05-07 09:54:00+00:00,2401.10009765625,2401.10009765625,2400.39990234375,2400.39990234375,26828,bearish
1778147700,2026-05-07 09:55:00+00:00,2400.0,2401.89990234375,2400.0,2401.5,45222,bullish
1778147760,2026-05-07 09:56:00+00:00,2401.60009765625,2401.89990234375,2401.5,2401.89990234375,19190,bullish
1778147820,2026-05-07 09:57:00+00:00,2402.0,2402.39990234375,2401.89990234375,2402.39990234375,27651,bullish
1778147880,2026-05-07 09:58:00+00:00,2404.0,2405.0,2402.5,2403.39990234375,27399,bearish
1778147940,2026-05-07 09:59:00+00:00,2403.89990234375,2404.0,2402.0,2403.0,9063,bearish
1778211900,2026-05-08 03:45:00+00:00,2398.0,2398.0,2392.5,2394.10009765625,0,bearish
1778211960,2026-05-08 03:46:00+00:00,2394.10009765625,2394.10009765625,2388.699951171875,2392.60009765625,39869,bearish
1778212020,2026-05-08 03:47:00+00:00,2392.699951171875,2402.0,2392.39990234375,2400.5,42776,bullish
1778212080,2026-05-08 03:48:00+00:00,2400.5,2401.89990234375,2396.0,2399.39990234375,28619,bearish
1778212140,2026-05-08 03:49:00+00:00,2399.0,2404.300048828125,2398.699951171875,2404.0,21598,bullish
1778212200,2026-05-08 03:50:00+00:00,2403.300048828125,2406.0,2401.300048828125,2402.5,22123,bearish
1778212260,2026-05-08 03:51:00+00:00,2402.89990234375,2404.5,2402.60009765625,2403.699951171875,9168,bullish
1778212320,2026-05-08 03:52:00+00:00,2403.699951171875,2403.800048828125,2400.5,2400.5,12685,bearish
1778212380,2026-05-08 03:53:00+00:00,2402.89990234375,2402.89990234375,2397.10009765625,2397.10009765625,24668,bearish
1778212440,2026-05-08 03:54:00+00:00,2397.60009765625,2399.60009765625,2396.199951171875,2398.10009765625,24972,bullish
1778212500,2026-05-08 03:55:00+00:00,2398.10009765625,2399.60009765625,2397.60009765625,2397.699951171875,5915,bearish
1778212560,2026-05-08 03:56:00+00:00,2398.0,2400.5,2398.0,2400.5,19378,bullish
1778212620,2026-05-08 03:57:00+00:00,2400.89990234375,2404.300048828125,2400.300048828125,2403.10009765625,10269,bullish
1778212680,2026-05-08 03:58:00+00:00,2403.300048828125,2404.60009765625,2402.0,2403.10009765625,9350,bearish
1778212740,2026-05-08 03:59:00+00:00,2403.89990234375,2406.89990234375,2403.89990234375,2404.39990234375,12598,bullish
1778212800,2026-05-08 04:00:00+00:00,2404.0,2404.39990234375,2400.699951171875,2401.10009765625,9768,bearish
1778212860,2026-05-08 04:01:00+00:00,2401.5,2401.5,2400.39990234375,2400.39990234375,6780,bearish
1778212920,2026-05-08 04:02:00+00:00,2400.39990234375,2400.699951171875,2398.10009765625,2398.5,9437,bearish
1778212980,2026-05-08 04:03:00+00:00,2399.10009765625,2399.10009765625,2395.199951171875,2395.199951171875,10085,bearish
1778213040,2026-05-08 04:04:00+00:00,2394.5,2395.300048828125,2392.699951171875,2394.89990234375,32311,bullish
1778213100,2026-05-08 04:05:00+00:00,2394.800048828125,2394.800048828125,2393.39990234375,2393.60009765625,11247,bearish
1778213160,2026-05-08 04:06:00+00:00,2393.89990234375,2395.0,2393.199951171875,2393.800048828125,6967,bearish
1778213220,2026-05-08 04:07:00+00:00,2393.60009765625,2394.300048828125,2392.199951171875,2394.300048828125,9281,bullish
1778213280,2026-05-08 04:08:00+00:00,2394.60009765625,2397.0,2394.300048828125,2394.800048828125,12968,bullish
1778213340,2026-05-08 04:09:00+00:00,2394.699951171875,2396.89990234375,2394.39990234375,2396.39990234375,12133,bullish
1778213400,2026-05-08 04:10:00+00:00,2396.39990234375,2397.699951171875,2396.199951171875,2397.199951171875,4395,bullish
1778213460,2026-05-08 04:11:00+00:00,2397.300048828125,2397.300048828125,2396.10009765625,2396.10009765625,5921,bearish
1778213520,2026-05-08 04:12:00+00:00,2397.39990234375,2397.39990234375,2394.0,2394.39990234375,7170,bearish
1778213580,2026-05-08 04:13:00+00:00,2394.300048828125,2395.0,2393.10009765625,2393.199951171875,8993,bearish
1778213640,2026-05-08 04:14:00+00:00,2393.199951171875,2393.39990234375,2392.199951171875,2393.10009765625,7711,bearish
1778213700,2026-05-08 04:15:00+00:00,2392.199951171875,2392.199951171875,2391.800048828125,2392.10009765625,12816,bearish
1778213760,2026-05-08 04:16:00+00:00,2392.800048828125,2393.10009765625,2392.0,2393.10009765625,8156,bullish
1778213820,2026-05-08 04:17:00+00:00,2393.199951171875,2394.60009765625,2392.5,2393.60009765625,3489,bullish
1778213880,2026-05-08 04:18:00+00:00,2393.300048828125,2394.39990234375,2393.199951171875,2393.199951171875,5254,bearish
1778213940,2026-05-08 04:19:00+00:00,2395.300048828125,2396.800048828125,2395.0,2396.800048828125,6966,bullish
1778214000,2026-05-08 04:20:00+00:00,2396.300048828125,2397.300048828125,2395.300048828125,2395.300048828125,6376,bearish
1778214060,2026-05-08 04:21:00+00:00,2395.300048828125,2396.89990234375,2395.300048828125,2396.89990234375,4681,bullish
1778214120,2026-05-08 04:22:00+00:00,2396.800048828125,2396.800048828125,2395.10009765625,2395.199951171875,2127,bearish
1778214180,2026-05-08 04:23:00+00:00,2395.60009765625,2396.0,2395.5,2395.5,3340,bearish
1778214240,2026-05-08 04:24:00+00:00,2396.10009765625,2396.10009765625,2388.800048828125,2389.89990234375,119474,bearish
1778214300,2026-05-08 04:25:00+00:00,2389.89990234375,2390.0,2388.60009765625,2388.60009765625,22134,bearish
1778214360,2026-05-08 04:26:00+00:00,2388.800048828125,2389.10009765625,2386.699951171875,2388.0,37095,bearish
1778214420,2026-05-08 04:27:00+00:00,2388.0,2390.0,2386.60009765625,2389.199951171875,10357,bullish
1778214480,2026-05-08 04:28:00+00:00,2389.89990234375,2390.89990234375,2389.0,2389.699951171875,8165,bearish
1778214540,2026-05-08 04:29:00+00:00,2389.699951171875,2391.0,2389.699951171875,2390.300048828125,8153,bullish
1778214600,2026-05-08 04:30:00+00:00,2390.0,2392.699951171875,2389.699951171875,2391.300048828125,11235,bullish
1778214660,2026-05-08 04:31:00+00:00,2391.300048828125,2392.699951171875,2390.89990234375,2392.699951171875,5449,bullish
1778214720,2026-05-08 04:32:00+00:00,2392.699951171875,2392.699951171875,2391.699951171875,2391.699951171875,6319,bearish
1778214780,2026-05-08 04:33:00+00:00,2391.800048828125,2391.89990234375,2389.0,2389.0,15771,bearish
1778214840,2026-05-08 04:34:00+00:00,2388.800048828125,2388.800048828125,2386.5,2387.10009765625,14648,bearish
1778214900,2026-05-08 04:35:00+00:00,2387.10009765625,2388.39990234375,2387.0,2388.10009765625,3901,bullish
1778214960,2026-05-08 04:36:00+00:00,2388.0,2388.60009765625,2387.699951171875,2388.5,5231,bullish
1778215020,2026-05-08 04:37:00+00:00,2388.0,2389.0,2388.0,2389.0,4105,bullish
1778215080,2026-05-08 04:38:00+00:00,2389.0,2389.0,2386.0,2386.0,19500,bearish
1778215140,2026-05-08 04:39:00+00:00,2386.0,2386.10009765625,2384.300048828125,2384.800048828125,25133,bearish
1778215200,2026-05-08 04:40:00+00:00,2384.800048828125,2385.0,2384.300048828125,2384.5,8634,bearish
1778215260,2026-05-08 04:41:00+00:00,2384.5,2384.5,2383.199951171875,2383.5,11623,bearish
1778215320,2026-05-08 04:42:00+00:00,2383.89990234375,2385.39990234375,2383.300048828125,2383.800048828125,12952,bearish
1778215380,2026-05-08 04:43:00+00:00,2383.800048828125,2384.89990234375,2383.300048828125,2383.699951171875,5287,bearish
1778215440,2026-05-08 04:44:00+00:00,2384.199951171875,2385.0,2383.5,2384.89990234375,5247,bullish
1778215500,2026-05-08 04:45:00+00:00,2384.89990234375,2385.0,2383.89990234375,2385.0,6263,bullish
1778215560,2026-05-08 04:46:00+00:00,2384.800048828125,2385.0,2383.199951171875,2383.199951171875,18573,bearish
1778215620,2026-05-08 04:47:00+00:00,2383.199951171875,2383.199951171875,2381.800048828125,2381.800048828125,13112,bearish
1778215680,2026-05-08 04:48:00+00:00,2381.800048828125,2382.699951171875,2381.10009765625,2382.699951171875,9352,bullish
1778215740,2026-05-08 04:49:00+00:00,2382.60009765625,2382.89990234375,2381.60009765625,2382.199951171875,24999,bearish
1778215800,2026-05-08 04:50:00+00:00,2382.199951171875,2383.199951171875,2381.800048828125,2381.800048828125,24350,bearish
1778215860,2026-05-08 04:51:00+00:00,2382.0,2384.60009765625,2381.699951171875,2382.0,34705,doji
1778215920,2026-05-08 04:52:00+00:00,2381.89990234375,2384.10009765625,2381.699951171875,2384.10009765625,26660,bullish
1778215980,2026-05-08 04:53:00+00:00,2383.10009765625,2387.199951171875,2383.10009765625,2386.5,30902,bullish
1778216040,2026-05-08 04:54:00+00:00,2386.5,2386.5,2384.800048828125,2384.800048828125,21921,bearish
1778216100,2026-05-08 04:55:00+00:00,2384.699951171875,2385.699951171875,2384.5,2385.5,14698,bullish
1778216160,2026-05-08 04:56:00+00:00,2385.39990234375,2385.39990234375,2380.0,2381.39990234375,107417,bearish
1778216220,2026-05-08 04:57:00+00:00,2381.10009765625,2383.699951171875,2380.0,2383.699951171875,21981,bullish
1778216280,2026-05-08 04:58:00+00:00,2384.10009765625,2385.0,2383.39990234375,2384.89990234375,18160,bullish
1778216340,2026-05-08 04:59:00+00:00,2384.89990234375,2384.89990234375,2384.300048828125,2384.800048828125,5677,bearish
1778216400,2026-05-08 05:00:00+00:00,2385.0,2388.39990234375,2385.0,2388.39990234375,17552,bullish
1778216460,2026-05-08 05:01:00+00:00,2388.5,2388.5,2386.300048828125,2386.60009765625,23369,bearish
1778216520,2026-05-08 05:02:00+00:00,2386.699951171875,2386.800048828125,2386.0,2386.5,4636,bearish
1778216580,2026-05-08 05:03:00+00:00,2386.39990234375,2386.39990234375,2384.0,2385.300048828125,11577,bearish
1778216640,2026-05-08 05:04:00+00:00,2386.39990234375,2388.39990234375,2386.10009765625,2388.0,11903,bullish
1778216700,2026-05-08 05:05:00+00:00,2388.0,2388.89990234375,2386.0,2386.0,18116,bearish
1778216760,2026-05-08 05:06:00+00:00,2385.800048828125,2387.0,2385.199951171875,2386.300048828125,16969,bullish
1778216820,2026-05-08 05:07:00+00:00,2386.300048828125,2386.89990234375,2385.5,2385.800048828125,10777,bearish
1778216880,2026-05-08 05:08:00+00:00,2385.300048828125,2386.10009765625,2385.300048828125,2385.699951171875,16601,bullish
1778216940,2026-05-08 05:09:00+00:00,2386.0,2386.800048828125,2384.39990234375,2384.39990234375,18853,bearish
1778217000,2026-05-08 05:10:00+00:00,2384.300048828125,2385.0,2382.699951171875,2383.300048828125,21861,bearish
1778217060,2026-05-08 05:11:00+00:00,2383.10009765625,2384.60009765625,2383.10009765625,2384.10009765625,5180,bullish
1778217120,2026-05-08 05:12:00+00:00,2384.5,2384.800048828125,2383.300048828125,2383.699951171875,7227,bearish
1778217180,2026-05-08 05:13:00+00:00,2383.800048828125,2385.0,2383.39990234375,2384.89990234375,4966,bullish
1778217240,2026-05-08 05:14:00+00:00,2384.89990234375,2385.0,2384.0,2384.89990234375,5703,doji
1778217300,2026-05-08 05:15:00+00:00,2384.300048828125,2384.300048828125,2382.89990234375,2382.89990234375,8784,bearish
1778217360,2026-05-08 05:16:00+00:00,2382.699951171875,2383.800048828125,2382.39990234375,2383.800048828125,4928,bullish
1778217420,2026-05-08 05:17:00+00:00,2383.699951171875,2383.699951171875,2380.300048828125,2380.699951171875,20415,bearish
1778217480,2026-05-08 05:18:00+00:00,2380.60009765625,2380.60009765625,2379.60009765625,2379.699951171875,23701,bearish
1778217540,2026-05-08 05:19:00+00:00,2379.60009765625,2379.699951171875,2378.199951171875,2378.699951171875,10469,bearish
1778217600,2026-05-08 05:20:00+00:00,2378.699951171875,2378.699951171875,2378.199951171875,2378.699951171875,8832,doji
1778217660,2026-05-08 05:21:00+00:00,2378.699951171875,2379.39990234375,2378.699951171875,2379.300048828125,8896,bullish
1778217720,2026-05-08 05:22:00+00:00,2379.39990234375,2382.0,2379.39990234375,2381.699951171875,10975,bullish
1778217780,2026-05-08 05:23:00+00:00,2381.699951171875,2381.800048828125,2380.5,2381.39990234375,7633,bearish
1778217840,2026-05-08 05:24:00+00:00,2381.39990234375,2381.39990234375,2380.0,2381.0,7296,bearish
1778217900,2026-05-08 05:25:00+00:00,2380.800048828125,2381.0,2380.300048828125,2380.39990234375,5161,bearish
1778217960,2026-05-08 05:26:00+00:00,2380.39990234375,2380.800048828125,2380.10009765625,2380.60009765625,3373,bullish
1778218020,2026-05-08 05:27:00+00:00,2381.0,2381.89990234375,2381.0,2381.300048828125,4618,bullish
1778218080,2026-05-08 05:28:00+00:00,2381.300048828125,2381.39990234375,2380.0,2380.199951171875,7565,bearish
1778218140,2026-05-08 05:29:00+00:00,2380.199951171875,2381.0,2380.0,2380.0,8575,bearish
1778218200,2026-05-08 05:30:00+00:00,2380.10009765625,2380.199951171875,2380.0,2380.10009765625,3230,doji
1778218260,2026-05-08 05:31:00+00:00,2380.10009765625,2380.10009765625,2379.10009765625,2380.0,6444,bearish
1778218320,2026-05-08 05:32:00+00:00,2380.0,2380.5,2379.60009765625,2379.60009765625,7842,bearish
1778218380,2026-05-08 05:33:00+00:00,2379.60009765625,2380.5,2379.60009765625,2380.5,5991,bullish
1778218440,2026-05-08 05:34:00+00:00,2381.300048828125,2382.10009765625,2380.699951171875,2380.699951171875,7919,bearish
1778218500,2026-05-08 05:35:00+00:00,2380.5,2381.699951171875,2380.0,2380.699951171875,2320,bullish
1778218560,2026-05-08 05:36:00+00:00,2381.0,2381.89990234375,2381.0,2381.699951171875,2633,bullish
1778218620,2026-05-08 05:37:00+00:00,2381.60009765625,2381.89990234375,2381.5,2381.89990234375,3620,bullish
1778218680,2026-05-08 05:38:00+00:00,2381.800048828125,2381.89990234375,2381.39990234375,2381.39990234375,3761,bearish
1778218740,2026-05-08 05:39:00+00:00,2381.10009765625,2381.89990234375,2381.10009765625,2381.5,3398,bullish
1778218800,2026-05-08 05:40:00+00:00,2381.60009765625,2381.60009765625,2380.60009765625,2380.60009765625,3460,bearish
1778218860,2026-05-08 05:41:00+00:00,2381.0,2381.199951171875,2380.5,2380.89990234375,1911,bearish
1778218920,2026-05-08 05:42:00+00:00,2380.800048828125,2381.0,2380.0,2380.199951171875,3483,bearish
1778218980,2026-05-08 05:43:00+00:00,2380.300048828125,2380.800048828125,2379.60009765625,2380.0,7544,bearish
1778219040,2026-05-08 05:44:00+00:00,2380.0,2380.0,2379.800048828125,2380.0,2286,doji
1778219100,2026-05-08 05:45:00+00:00,2380.699951171875,2380.699951171875,2379.60009765625,2379.699951171875,2572,bearish
1778219160,2026-05-08 05:46:00+00:00,2379.699951171875,2380.0,2379.0,2379.5,5963,bearish
1778219220,2026-05-08 05:47:00+00:00,2379.5,2379.89990234375,2377.199951171875,2377.699951171875,20972,bearish
1778219280,2026-05-08 05:48:00+00:00,2377.699951171875,2378.0,2376.10009765625,2376.60009765625,5909,bearish
1778219340,2026-05-08 05:49:00+00:00,2376.60009765625,2377.5,2376.199951171875,2377.10009765625,7097,bullish
1778219400,2026-05-08 05:50:00+00:00,2377.10009765625,2379.0,2376.39990234375,2378.800048828125,5008,bullish
1778219460,2026-05-08 05:51:00+00:00,2378.800048828125,2379.0,2377.89990234375,2377.89990234375,6494,bearish
1778219520,2026-05-08 05:52:00+00:00,2377.89990234375,2378.300048828125,2377.0,2377.199951171875,3690,bearish
1778219580,2026-05-08 05:53:00+00:00,2377.0,2377.199951171875,2375.699951171875,2376.0,11515,bearish
1778219640,2026-05-08 05:54:00+00:00,2376.0,2377.0,2375.699951171875,2377.0,2621,bullish
1778219700,2026-05-08 05:55:00+00:00,2377.699951171875,2378.5,2377.0,2378.39990234375,8361,bullish
1778219760,2026-05-08 05:56:00+00:00,2378.39990234375,2378.5,2377.5,2378.39990234375,4123,doji
1778219820,2026-05-08 05:57:00+00:00,2378.199951171875,2378.5,2377.199951171875,2377.199951171875,7500,bearish
1778219880,2026-05-08 05:58:00+00:00,2376.699951171875,2377.5,2375.89990234375,2376.39990234375,13662,bearish
1778219940,2026-05-08 05:59:00+00:00,2376.39990234375,2377.0,2375.89990234375,2376.699951171875,11510,bullish
1778220000,2026-05-08 06:00:00+00:00,2376.699951171875,2377.800048828125,2375.89990234375,2376.699951171875,2409,doji
1778220060,2026-05-08 06:01:00+00:00,2377.10009765625,2377.300048828125,2376.5,2377.0,2367,bearish
1778220120,2026-05-08 06:02:00+00:00,2377.199951171875,2377.699951171875,2376.699951171875,2377.699951171875,2720,bullish
1778220180,2026-05-08 06:03:00+00:00,2377.699951171875,2380.5,2377.699951171875,2379.89990234375,7373,bullish
1778220240,2026-05-08 06:04:00+00:00,2380.0,2380.60009765625,2379.89990234375,2380.0,4883,doji
1778220300,2026-05-08 06:05:00+00:00,2380.0,2380.0,2379.39990234375,2379.60009765625,3230,bearish
1778220360,2026-05-08 06:06:00+00:00,2379.699951171875,2380.10009765625,2379.199951171875,2380.10009765625,2319,bullish
1778220420,2026-05-08 06:07:00+00:00,2380.199951171875,2380.199951171875,2379.800048828125,2379.800048828125,8468,bearish
1778220480,2026-05-08 06:08:00+00:00,2379.800048828125,2380.39990234375,2379.0,2379.5,3777,bearish
1778220540,2026-05-08 06:09:00+00:00,2379.300048828125,2380.0,2379.10009765625,2379.89990234375,2621,bullish
1778220600,2026-05-08 06:10:00+00:00,2380.0,2380.199951171875,2378.699951171875,2378.699951171875,7257,bearish
1778220660,2026-05-08 06:11:00+00:00,2378.60009765625,2380.0,2378.39990234375,2379.0,2949,bullish
1778220720,2026-05-08 06:12:00+00:00,2379.0,2379.5,2378.300048828125,2378.89990234375,1355,bearish
1778220780,2026-05-08 06:13:00+00:00,2379.300048828125,2379.60009765625,2378.89990234375,2379.300048828125,2707,doji
1778220840,2026-05-08 06:14:00+00:00,2379.0,2379.39990234375,2378.300048828125,2378.300048828125,2544,bearish
1778220900,2026-05-08 06:15:00+00:00,2378.199951171875,2378.800048828125,2378.199951171875,2378.800048828125,2395,bullish
1778220960,2026-05-08 06:16:00+00:00,2378.800048828125,2378.800048828125,2378.10009765625,2378.699951171875,1537,bearish
1778221020,2026-05-08 06:17:00+00:00,2378.5,2378.60009765625,2378.10009765625,2378.60009765625,3135,bullish
1778221080,2026-05-08 06:18:00+00:00,2378.5,2378.89990234375,2378.199951171875,2378.39990234375,1608,bearish
1778221140,2026-05-08 06:19:00+00:00,2378.5,2378.89990234375,2378.0,2378.0,5992,bearish
1778221200,2026-05-08 06:20:00+00:00,2377.800048828125,2377.89990234375,2377.10009765625,2377.699951171875,2725,bearish
1778221260,2026-05-08 06:21:00+00:00,2377.699951171875,2378.10009765625,2377.199951171875,2377.300048828125,3774,bearish
1778221320,2026-05-08 06:22:00+00:00,2378.10009765625,2378.10009765625,2377.300048828125,2377.89990234375,2461,bearish
1778221380,2026-05-08 06:23:00+00:00,2378.10009765625,2378.800048828125,2378.10009765625,2378.60009765625,1846,bullish
1778221440,2026-05-08 06:24:00+00:00,2378.39990234375,2378.699951171875,2378.300048828125,2378.699951171875,2331,bullish
1778221500,2026-05-08 06:25:00+00:00,2378.300048828125,2378.60009765625,2377.89990234375,2377.89990234375,2089,bearish
1778221560,2026-05-08 06:26:00+00:00,2378.10009765625,2378.10009765625,2377.60009765625,2378.0,6814,bearish
1778221620,2026-05-08 06:27:00+00:00,2377.800048828125,2379.0,2377.60009765625,2378.0,3605,bullish
1778221680,2026-05-08 06:28:00+00:00,2377.5,2379.10009765625,2377.5,2378.5,1600,bullish
1778221740,2026-05-08 06:29:00+00:00,2378.60009765625,2378.699951171875,2377.800048828125,2378.199951171875,3543,bearish
1778221800,2026-05-08 06:30:00+00:00,2378.199951171875,2378.199951171875,2377.39990234375,2377.39990234375,4427,bearish
1778221860,2026-05-08 06:31:00+00:00,2378.10009765625,2378.10009765625,2377.199951171875,2377.800048828125,4486,bearish
1778221920,2026-05-08 06:32:00+00:00,2377.0,2377.699951171875,2377.0,2377.10009765625,4654,bullish
1778221980,2026-05-08 06:33:00+00:00,2377.800048828125,2377.800048828125,2376.5,2376.5,7635,bearish
1778222040,2026-05-08 06:34:00+00:00,2376.39990234375,2377.300048828125,2376.10009765625,2376.699951171875,4719,bullish
1778222100,2026-05-08 06:35:00+00:00,2376.699951171875,2377.300048828125,2376.5,2376.699951171875,2962,doji
1778222160,2026-05-08 06:36:00+00:00,2376.60009765625,2377.0,2376.0,2377.0,2189,bullish
1778222220,2026-05-08 06:37:00+00:00,2376.89990234375,2377.0,2376.199951171875,2377.0,2323,bullish
1778222280,2026-05-08 06:38:00+00:00,2376.5,2377.0,2376.39990234375,2376.5,2538,doji
1778222340,2026-05-08 06:39:00+00:00,2376.60009765625,2377.300048828125,2376.199951171875,2376.199951171875,4735,bearish
1778222400,2026-05-08 06:40:00+00:00,2376.60009765625,2376.699951171875,2376.0,2376.0,2750,bearish
1778222460,2026-05-08 06:41:00+00:00,2376.39990234375,2377.199951171875,2376.39990234375,2377.199951171875,1796,bullish
1778222520,2026-05-08 06:42:00+00:00,2377.199951171875,2377.300048828125,2376.60009765625,2376.60009765625,2376,bearish
1778222580,2026-05-08 06:43:00+00:00,2376.5,2376.800048828125,2376.300048828125,2376.60009765625,2786,bullish
1778222640,2026-05-08 06:44:00+00:00,2376.800048828125,2377.10009765625,2376.60009765625,2377.0,2361,bullish
1778222700,2026-05-08 06:45:00+00:00,2377.0,2377.0,2376.10009765625,2376.10009765625,7816,bearish
1778222760,2026-05-08 06:46:00+00:00,2376.199951171875,2376.5,2376.0,2376.5,2124,bullish
1778222820,2026-05-08 06:47:00+00:00,2376.5,2376.800048828125,2376.0,2376.0,3910,bearish
1778222880,2026-05-08 06:48:00+00:00,2376.5,2377.39990234375,2376.5,2377.39990234375,7603,bullish
1778222940,2026-05-08 06:49:00+00:00,2377.60009765625,2378.10009765625,2377.5,2378.10009765625,7526,bullish
1778223000,2026-05-08 06:50:00+00:00,2378.39990234375,2378.89990234375,2378.39990234375,2378.89990234375,6560,bullish
1778223060,2026-05-08 06:51:00+00:00,2378.89990234375,2379.199951171875,2376.800048828125,2376.800048828125,5287,bearish
1778223120,2026-05-08 06:52:00+00:00,2376.89990234375,2377.60009765625,2376.800048828125,2376.800048828125,1663,bearish
1778223180,2026-05-08 06:53:00+00:00,2376.89990234375,2377.199951171875,2376.5,2376.60009765625,2967,bearish
1778223240,2026-05-08 06:54:00+00:00,2376.39990234375,2376.89990234375,2376.0,2376.5,5093,bullish
1778223300,2026-05-08 06:55:00+00:00,2376.199951171875,2376.699951171875,2376.10009765625,2376.39990234375,2414,bullish
1778223360,2026-05-08 06:56:00+00:00,2376.39990234375,2377.699951171875,2376.39990234375,2377.5,2680,bullish
1778223420,2026-05-08 06:57:00+00:00,2377.60009765625,2378.10009765625,2377.300048828125,2378.10009765625,2346,bullish
1778223480,2026-05-08 06:58:00+00:00,2378.10009765625,2379.10009765625,2377.300048828125,2379.10009765625,4168,bullish
1778223540,2026-05-08 06:59:00+00:00,2378.800048828125,2380.0,2378.5,2379.5,6621,bullish
1778223600,2026-05-08 07:00:00+00:00,2379.5,2380.300048828125,2379.300048828125,2379.699951171875,8608,bullish
1778223660,2026-05-08 07:01:00+00:00,2379.699951171875,2380.0,2378.5,2378.5,3823,bearish
1778223720,2026-05-08 07:02:00+00:00,2378.300048828125,2378.89990234375,2378.0,2378.300048828125,2640,doji
1778223780,2026-05-08 07:03:00+00:00,2378.300048828125,2378.5,2377.199951171875,2377.199951171875,2607,bearish
1778223840,2026-05-08 07:04:00+00:00,2377.0,2378.199951171875,2377.0,2377.39990234375,3100,bullish
1778223900,2026-05-08 07:05:00+00:00,2377.60009765625,2378.699951171875,2377.0,2378.10009765625,3238,bullish
1778223960,2026-05-08 07:06:00+00:00,2377.699951171875,2378.800048828125,2377.0,2378.800048828125,3668,bullish
1778224020,2026-05-08 07:07:00+00:00,2378.800048828125,2379.89990234375,2378.800048828125,2379.5,3073,bullish
1778224080,2026-05-08 07:08:00+00:00,2379.199951171875,2380.0,2378.5,2378.5,3999,bearish
1778224140,2026-05-08 07:09:00+00:00,2378.5,2379.0,2378.300048828125,2378.89990234375,2347,bullish
1778224200,2026-05-08 07:10:00+00:00,2378.89990234375,2380.0,2378.89990234375,2379.39990234375,3450,bullish
1778224260,2026-05-08 07:11:00+00:00,2379.300048828125,2379.800048828125,2378.199951171875,2378.60009765625,3024,bearish
1778224320,2026-05-08 07:12:00+00:00,2378.39990234375,2378.89990234375,2378.0,2378.89990234375,2936,bullish
1778224380,2026-05-08 07:13:00+00:00,2379.10009765625,2379.199951171875,2378.89990234375,2379.10009765625,1990,doji
1778224440,2026-05-08 07:14:00+00:00,2379.5,2379.5,2378.0,2378.0,2539,bearish
1778224500,2026-05-08 07:15:00+00:00,2378.0,2378.300048828125,2377.199951171875,2378.0,4759,doji
1778224560,2026-05-08 07:16:00+00:00,2377.5,2378.300048828125,2377.10009765625,2377.60009765625,1875,bullish
1778224620,2026-05-08 07:17:00+00:00,2377.60009765625,2377.89990234375,2377.10009765625,2377.800048828125,1959,bullish
1778224680,2026-05-08 07:18:00+00:00,2377.60009765625,2378.0,2377.5,2377.89990234375,4439,bullish
1778224740,2026-05-08 07:19:00+00:00,2377.5,2378.39990234375,2377.199951171875,2378.10009765625,3345,bullish
1778224800,2026-05-08 07:20:00+00:00,2377.60009765625,2378.199951171875,2377.60009765625,2378.0,1755,bullish
1778224860,2026-05-08 07:21:00+00:00,2377.89990234375,2378.0,2377.300048828125,2377.5,3562,bearish
1778224920,2026-05-08 07:22:00+00:00,2377.10009765625,2377.800048828125,2377.10009765625,2377.60009765625,3368,bullish
1778224980,2026-05-08 07:23:00+00:00,2377.60009765625,2377.89990234375,2377.10009765625,2377.89990234375,3322,bullish
1778225040,2026-05-08 07:24:00+00:00,2378.0,2379.0,2377.699951171875,2379.0,4036,bullish
1778225100,2026-05-08 07:25:00+00:00,2378.89990234375,2379.60009765625,2378.89990234375,2379.60009765625,2296,bullish
1778225160,2026-05-08 07:26:00+00:00,2379.60009765625,2379.89990234375,2379.5,2379.800048828125,1759,bullish
1778225220,2026-05-08 07:27:00+00:00,2380.0,2380.0,2379.89990234375,2380.0,2285,doji
1778225280,2026-05-08 07:28:00+00:00,2380.0,2380.0,2379.89990234375,2380.0,2065,doji
1778225340,2026-05-08 07:29:00+00:00,2379.89990234375,2380.0,2379.800048828125,2380.0,3665,bullish
1778225400,2026-05-08 07:30:00+00:00,2380.0,2380.0,2379.89990234375,2379.89990234375,2764,bearish
1778225460,2026-05-08 07:31:00+00:00,2379.800048828125,2380.0,2379.5,2379.5,4003,bearish
1778225520,2026-05-08 07:32:00+00:00,2380.0,2380.0,2379.800048828125,2380.0,2493,doji
1778225580,2026-05-08 07:33:00+00:00,2379.89990234375,2380.0,2379.39990234375,2379.89990234375,2677,doji
1778225640,2026-05-08 07:34:00+00:00,2379.60009765625,2380.0,2379.60009765625,2380.0,6450,bullish
1778225700,2026-05-08 07:35:00+00:00,2380.0,2384.0,2380.0,2382.60009765625,14555,bullish
1778225760,2026-05-08 07:36:00+00:00,2382.60009765625,2384.89990234375,2381.89990234375,2384.5,12566,bullish
1778225820,2026-05-08 07:37:00+00:00,2384.0,2385.0,2384.0,2384.60009765625,31751,bullish
1778225880,2026-05-08 07:38:00+00:00,2384.60009765625,2387.0,2384.10009765625,2386.10009765625,13443,bullish
1778225940,2026-05-08 07:39:00+00:00,2386.60009765625,2386.800048828125,2383.800048828125,2384.5,8326,bearish
1778226000,2026-05-08 07:40:00+00:00,2384.0,2384.0,2383.199951171875,2383.800048828125,20570,bearish
1778226060,2026-05-08 07:41:00+00:00,2383.800048828125,2386.5,2383.0,2386.5,41549,bullish
1778226120,2026-05-08 07:42:00+00:00,2386.39990234375,2386.5,2384.800048828125,2385.60009765625,4576,bearish
1778226180,2026-05-08 07:43:00+00:00,2385.699951171875,2386.0,2384.39990234375,2384.39990234375,6680,bearish
1778226240,2026-05-08 07:44:00+00:00,2384.5,2386.39990234375,2384.5,2385.300048828125,7148,bullish
1778226300,2026-05-08 07:45:00+00:00,2385.60009765625,2386.5,2385.60009765625,2385.699951171875,6004,bullish
1778226360,2026-05-08 07:46:00+00:00,2384.699951171875,2385.800048828125,2384.699951171875,2384.699951171875,16086,doji
1778226420,2026-05-08 07:47:00+00:00,2385.300048828125,2386.10009765625,2385.10009765625,2385.199951171875,4304,bearish
1778226480,2026-05-08 07:48:00+00:00,2386.0,2386.10009765625,2385.10009765625,2385.300048828125,5596,bearish
1778226540,2026-05-08 07:49:00+00:00,2385.300048828125,2386.0,2384.800048828125,2385.300048828125,9296,doji
1778226600,2026-05-08 07:50:00+00:00,2385.300048828125,2385.89990234375,2384.699951171875,2385.5,6738,bullish
1778226660,2026-05-08 07:51:00+00:00,2385.5,2385.89990234375,2384.89990234375,2385.199951171875,7790,bearish
1778226720,2026-05-08 07:52:00+00:00,2385.199951171875,2386.0,2384.10009765625,2385.89990234375,14049,bullish
1778226780,2026-05-08 07:53:00+00:00,2385.0,2386.10009765625,2384.800048828125,2385.5,8413,bullish
1778226840,2026-05-08 07:54:00+00:00,2385.60009765625,2386.89990234375,2384.699951171875,2386.89990234375,10410,bullish
1778226900,2026-05-08 07:55:00+00:00,2386.0,2389.39990234375,2386.0,2388.699951171875,66886,bullish
1778226960,2026-05-08 07:56:00+00:00,2388.5,2389.39990234375,2387.0,2387.60009765625,16496,bearish
1778227020,2026-05-08 07:57:00+00:00,2388.0,2388.0,2386.800048828125,2386.800048828125,11232,bearish
1778227080,2026-05-08 07:58:00+00:00,2386.5,2388.5,2386.5,2387.10009765625,14558,bullish
1778227140,2026-05-08 07:59:00+00:00,2388.0,2388.5,2387.0,2387.89990234375,18074,bearish
1778227200,2026-05-08 08:00:00+00:00,2387.89990234375,2388.199951171875,2385.0,2385.800048828125,11429,bearish
1778227260,2026-05-08 08:01:00+00:00,2386.89990234375,2387.699951171875,2386.0,2387.10009765625,6248,bullish
1778227320,2026-05-08 08:02:00+00:00,2387.10009765625,2388.0,2386.89990234375,2387.39990234375,6176,bullish
1778227380,2026-05-08 08:03:00+00:00,2387.10009765625,2387.60009765625,2386.300048828125,2386.5,5140,bearish
1778227440,2026-05-08 08:04:00+00:00,2386.60009765625,2387.89990234375,2386.60009765625,2387.10009765625,5699,bullish
1778227500,2026-05-08 08:05:00+00:00,2387.5,2387.89990234375,2386.300048828125,2387.39990234375,2608,bearish
1778227560,2026-05-08 08:06:00+00:00,2387.89990234375,2387.89990234375,2386.0,2386.10009765625,7559,bearish
1778227620,2026-05-08 08:07:00+00:00,2386.39990234375,2386.60009765625,2384.5,2385.199951171875,8915,bearish
1778227680,2026-05-08 08:08:00+00:00,2384.800048828125,2385.199951171875,2383.60009765625,2384.39990234375,5036,bearish
1778227740,2026-05-08 08:09:00+00:00,2384.39990234375,2384.89990234375,2383.60009765625,2383.699951171875,5609,bearish
1778227800,2026-05-08 08:10:00+00:00,2384.199951171875,2385.60009765625,2384.0,2385.10009765625,3829,bullish
1778227860,2026-05-08 08:11:00+00:00,2384.89990234375,2385.10009765625,2383.5,2384.300048828125,6305,bearish
1778227920,2026-05-08 08:12:00+00:00,2384.300048828125,2384.39990234375,2383.199951171875,2383.300048828125,3183,bearish
1778227980,2026-05-08 08:13:00+00:00,2383.39990234375,2384.0,2382.0,2383.199951171875,5831,bearish
1778228040,2026-05-08 08:14:00+00:00,2382.60009765625,2383.60009765625,2382.10009765625,2383.0,2752,bullish
1778228100,2026-05-08 08:15:00+00:00,2383.0,2383.5,2382.10009765625,2383.10009765625,3029,bullish
1778228160,2026-05-08 08:16:00+00:00,2382.300048828125,2383.60009765625,2382.300048828125,2382.5,2547,bullish
1778228220,2026-05-08 08:17:00+00:00,2383.5,2383.5,2381.60009765625,2383.0,5426,bearish
1778228280,2026-05-08 08:18:00+00:00,2383.0,2383.89990234375,2382.199951171875,2383.89990234375,3111,bullish
1778228340,2026-05-08 08:19:00+00:00,2383.89990234375,2383.89990234375,2381.800048828125,2382.0,36273,bearish
1778228400,2026-05-08 08:20:00+00:00,2382.0,2382.699951171875,2380.39990234375,2380.699951171875,19500,bearish
1778228460,2026-05-08 08:21:00+00:00,2381.199951171875,2382.199951171875,2380.300048828125,2382.0,6360,bullish
1778228520,2026-05-08 08:22:00+00:00,2382.0,2382.199951171875,2380.5,2381.300048828125,7299,bearish
1778228580,2026-05-08 08:23:00+00:00,2380.89990234375,2382.10009765625,2380.800048828125,2381.800048828125,6342,bullish
1778228640,2026-05-08 08:24:00+00:00,2381.800048828125,2382.60009765625,2381.0,2382.60009765625,4774,bullish
1778228700,2026-05-08 08:25:00+00:00,2382.5,2382.60009765625,2381.0,2381.5,5239,bearish
1778228760,2026-05-08 08:26:00+00:00,2381.5,2382.0,2380.89990234375,2381.800048828125,5284,bullish
1778228820,2026-05-08 08:27:00+00:00,2381.800048828125,2382.0,2380.89990234375,2381.60009765625,4502,bearish
1778228880,2026-05-08 08:28:00+00:00,2381.300048828125,2381.300048828125,2380.60009765625,2380.60009765625,5673,bearish
1778228940,2026-05-08 08:29:00+00:00,2380.699951171875,2380.800048828125,2379.89990234375,2379.89990234375,13477,bearish
1778229000,2026-05-08 08:30:00+00:00,2379.89990234375,2380.800048828125,2379.699951171875,2380.0,6178,bullish
1778229060,2026-05-08 08:31:00+00:00,2380.0,2380.5,2380.0,2380.10009765625,5126,bullish
1778229120,2026-05-08 08:32:00+00:00,2380.10009765625,2382.300048828125,2379.5,2381.5,16680,bullish
1778229180,2026-05-08 08:33:00+00:00,2381.0,2382.5,2380.60009765625,2381.89990234375,14862,bullish
1778229240,2026-05-08 08:34:00+00:00,2381.89990234375,2382.0,2380.800048828125,2381.199951171875,7027,bearish
1778229300,2026-05-08 08:35:00+00:00,2381.10009765625,2382.39990234375,2380.5,2381.10009765625,7795,doji
1778229360,2026-05-08 08:36:00+00:00,2381.39990234375,2381.89990234375,2380.199951171875,2381.699951171875,5755,bullish
1778229420,2026-05-08 08:37:00+00:00,2381.699951171875,2382.89990234375,2380.89990234375,2382.89990234375,6797,bullish
1778229480,2026-05-08 08:38:00+00:00,2382.800048828125,2383.89990234375,2382.39990234375,2383.39990234375,12497,bullish
1778229540,2026-05-08 08:39:00+00:00,2383.39990234375,2384.699951171875,2382.60009765625,2383.300048828125,9875,bearish
1778229600,2026-05-08 08:40:00+00:00,2383.60009765625,2384.300048828125,2382.39990234375,2383.699951171875,8446,bullish
1778229660,2026-05-08 08:41:00+00:00,2383.699951171875,2384.39990234375,2382.60009765625,2383.39990234375,9072,bearish
1778229720,2026-05-08 08:42:00+00:00,2383.60009765625,2384.300048828125,2382.199951171875,2384.0,7867,bullish
1778229780,2026-05-08 08:43:00+00:00,2384.0,2384.199951171875,2382.699951171875,2383.89990234375,11716,bearish
1778229840,2026-05-08 08:44:00+00:00,2384.10009765625,2384.699951171875,2382.39990234375,2383.800048828125,13124,bearish
1778229900,2026-05-08 08:45:00+00:00,2382.89990234375,2383.89990234375,2382.0,2382.800048828125,7342,bearish
1778229960,2026-05-08 08:46:00+00:00,2382.800048828125,2383.199951171875,2381.699951171875,2383.199951171875,6975,bullish
1778230020,2026-05-08 08:47:00+00:00,2383.199951171875,2384.10009765625,2382.0,2383.5,6407,bullish
1778230080,2026-05-08 08:48:00+00:00,2383.5,2384.0,2381.60009765625,2383.10009765625,6985,bearish
1778230140,2026-05-08 08:49:00+00:00,2383.60009765625,2384.199951171875,2382.60009765625,2384.199951171875,6554,bullish
1778230200,2026-05-08 08:50:00+00:00,2384.10009765625,2384.10009765625,2382.60009765625,2384.10009765625,6702,doji
1778230260,2026-05-08 08:51:00+00:00,2384.39990234375,2384.5,2383.60009765625,2384.5,10117,bullish
1778230320,2026-05-08 08:52:00+00:00,2384.5,2384.60009765625,2382.89990234375,2384.0,6062,bearish
1778230380,2026-05-08 08:53:00+00:00,2384.0,2385.0,2383.0,2384.89990234375,9056,bullish
1778230440,2026-05-08 08:54:00+00:00,2384.89990234375,2385.0,2383.5,2384.0,6429,bearish
1778230500,2026-05-08 08:55:00+00:00,2384.0,2384.5,2383.89990234375,2384.10009765625,5538,bullish
1778230560,2026-05-08 08:56:00+00:00,2384.10009765625,2385.800048828125,2384.10009765625,2385.60009765625,10019,bullish
1778230620,2026-05-08 08:57:00+00:00,2385.60009765625,2386.0,2385.0,2386.0,7848,bullish
1778230680,2026-05-08 08:58:00+00:00,2385.800048828125,2386.0,2385.0,2386.0,6932,bullish
1778230740,2026-05-08 08:59:00+00:00,2385.800048828125,2386.5,2385.300048828125,2386.199951171875,10559,bullish
1778230800,2026-05-08 09:00:00+00:00,2386.699951171875,2387.699951171875,2386.0,2386.89990234375,10436,bullish
1778230860,2026-05-08 09:01:00+00:00,2386.89990234375,2387.5,2386.39990234375,2387.5,9038,bullish
1778230920,2026-05-08 09:02:00+00:00,2387.5,2388.89990234375,2387.5,2388.89990234375,11470,bullish
1778230980,2026-05-08 09:03:00+00:00,2389.0,2393.10009765625,2388.89990234375,2393.10009765625,36645,bullish
1778231040,2026-05-08 09:04:00+00:00,2393.10009765625,2393.89990234375,2391.300048828125,2391.60009765625,17790,bearish
1778231100,2026-05-08 09:05:00+00:00,2392.0,2394.0,2390.199951171875,2394.0,30719,bullish
1778231160,2026-05-08 09:06:00+00:00,2394.300048828125,2397.0,2394.0,2397.0,35141,bullish
1778231220,2026-05-08 09:07:00+00:00,2397.39990234375,2398.199951171875,2395.699951171875,2397.60009765625,24492,bullish
1778231280,2026-05-08 09:08:00+00:00,2397.60009765625,2398.0,2397.0,2397.5,15267,bearish
1778231340,2026-05-08 09:09:00+00:00,2397.5,2397.5,2396.0,2396.5,4754,bearish
1778231400,2026-05-08 09:10:00+00:00,2396.5,2397.199951171875,2396.39990234375,2397.199951171875,5540,bullish
1778231460,2026-05-08 09:11:00+00:00,2396.5,2397.199951171875,2394.5,2395.0,15060,bearish
1778231520,2026-05-08 09:12:00+00:00,2394.199951171875,2394.800048828125,2393.5,2394.39990234375,6886,bullish
1778231580,2026-05-08 09:13:00+00:00,2394.39990234375,2394.5,2393.89990234375,2394.300048828125,4554,bearish
1778231640,2026-05-08 09:14:00+00:00,2394.199951171875,2395.800048828125,2394.199951171875,2394.5,17102,bullish
1778231700,2026-05-08 09:15:00+00:00,2394.60009765625,2395.10009765625,2394.5,2394.60009765625,2603,doji
1778231760,2026-05-08 09:16:00+00:00,2394.60009765625,2395.60009765625,2394.60009765625,2395.60009765625,10477,bullish
1778231820,2026-05-08 09:17:00+00:00,2396.0,2396.800048828125,2395.699951171875,2396.800048828125,12409,bullish
1778231880,2026-05-08 09:18:00+00:00,2396.800048828125,2397.0,2396.0,2396.0,5160,bearish
1778231940,2026-05-08 09:19:00+00:00,2396.5,2401.5,2396.5,2401.0,32533,bullish
1778232000,2026-05-08 09:20:00+00:00,2401.199951171875,2402.39990234375,2400.699951171875,2401.89990234375,10979,bullish
1778232060,2026-05-08 09:21:00+00:00,2401.800048828125,2401.89990234375,2400.5,2400.800048828125,12136,bearish
1778232120,2026-05-08 09:22:00+00:00,2400.89990234375,2400.89990234375,2398.800048828125,2400.0,7537,bearish
1778232180,2026-05-08 09:23:00+00:00,2399.60009765625,2400.5,2399.199951171875,2400.0,4662,bullish
1778232240,2026-05-08 09:24:00+00:00,2399.89990234375,2400.0,2399.39990234375,2400.0,3530,bullish
1778232300,2026-05-08 09:25:00+00:00,2400.0,2400.0,2399.800048828125,2399.800048828125,4705,bearish
1778232360,2026-05-08 09:26:00+00:00,2399.699951171875,2399.699951171875,2398.89990234375,2399.10009765625,3067,bearish
1778232420,2026-05-08 09:27:00+00:00,2399.10009765625,2399.800048828125,2399.0,2399.800048828125,7856,bullish
1778232480,2026-05-08 09:28:00+00:00,2399.5,2399.89990234375,2399.10009765625,2399.60009765625,4750,bullish
1778232540,2026-05-08 09:29:00+00:00,2399.5,2399.5,2397.0,2398.199951171875,12221,bearish
1778232600,2026-05-08 09:30:00+00:00,2397.60009765625,2397.60009765625,2393.10009765625,2395.10009765625,23899,bearish
1778232660,2026-05-08 09:31:00+00:00,2394.89990234375,2395.60009765625,2394.0,2394.60009765625,8900,bearish
1778232720,2026-05-08 09:32:00+00:00,2394.60009765625,2394.800048828125,2393.199951171875,2394.5,12165,bearish
1778232780,2026-05-08 09:33:00+00:00,2394.300048828125,2394.300048828125,2392.300048828125,2392.89990234375,8957,bearish
1778232840,2026-05-08 09:34:00+00:00,2392.0,2394.0,2392.0,2393.39990234375,16687,bullish
1778232900,2026-05-08 09:35:00+00:00,2393.699951171875,2393.699951171875,2391.0,2391.89990234375,19205,bearish
1778232960,2026-05-08 09:36:00+00:00,2392.0,2392.60009765625,2392.0,2392.300048828125,6161,bullish
1778233020,2026-05-08 09:37:00+00:00,2392.300048828125,2392.89990234375,2392.300048828125,2392.89990234375,6339,bullish
1778233080,2026-05-08 09:38:00+00:00,2393.800048828125,2393.89990234375,2393.0,2393.89990234375,11066,bullish
1778233140,2026-05-08 09:39:00+00:00,2394.0,2394.800048828125,2393.39990234375,2394.5,8179,bullish
1778233200,2026-05-08 09:40:00+00:00,2394.5,2394.5,2393.89990234375,2394.300048828125,9524,bearish
1778233260,2026-05-08 09:41:00+00:00,2394.300048828125,2396.39990234375,2394.300048828125,2396.39990234375,15534,bullish
1778233320,2026-05-08 09:42:00+00:00,2395.89990234375,2396.10009765625,2394.800048828125,2395.300048828125,10176,bearish
1778233380,2026-05-08 09:43:00+00:00,2395.300048828125,2395.300048828125,2394.89990234375,2395.10009765625,4521,bearish
1778233440,2026-05-08 09:44:00+00:00,2395.300048828125,2395.300048828125,2394.699951171875,2394.699951171875,11172,bearish
1778233500,2026-05-08 09:45:00+00:00,2394.89990234375,2396.0,2394.699951171875,2396.0,18105,bullish
1778233560,2026-05-08 09:46:00+00:00,2396.0,2396.0,2395.60009765625,2395.800048828125,7187,bearish
1778233620,2026-05-08 09:47:00+00:00,2395.300048828125,2395.699951171875,2395.0,2395.39990234375,15107,bullish
1778233680,2026-05-08 09:48:00+00:00,2395.39990234375,2395.39990234375,2393.39990234375,2394.10009765625,11178,bearish
1778233740,2026-05-08 09:49:00+00:00,2393.39990234375,2394.300048828125,2393.39990234375,2394.0,6238,bullish
1778233800,2026-05-08 09:50:00+00:00,2394.10009765625,2394.10009765625,2393.199951171875,2393.199951171875,13942,bearish
1778233860,2026-05-08 09:51:00+00:00,2393.300048828125,2393.300048828125,2392.10009765625,2392.800048828125,18622,bearish
1778233920,2026-05-08 09:52:00+00:00,2392.5,2394.60009765625,2392.5,2394.300048828125,21378,bullish
1778233980,2026-05-08 09:53:00+00:00,2394.39990234375,2394.39990234375,2392.800048828125,2394.0,15649,bearish
1778234040,2026-05-08 09:54:00+00:00,2393.5,2396.89990234375,2393.5,2396.300048828125,16231,bullish
1778234100,2026-05-08 09:55:00+00:00,2396.300048828125,2396.800048828125,2395.10009765625,2395.800048828125,10598,bearish
1778234160,2026-05-08 09:56:00+00:00,2395.800048828125,2395.800048828125,2394.60009765625,2395.199951171875,6935,bearish
1778234220,2026-05-08 09:57:00+00:00,2394.60009765625,2396.0,2394.60009765625,2396.0,18019,bullish
1778234280,2026-05-08 09:58:00+00:00,2396.0,2397.199951171875,2395.10009765625,2397.0,8491,bullish
1778234340,2026-05-08 09:59:00+00:00,2397.0,2397.199951171875,2394.39990234375,2397.199951171875,17592,bullish
1778471100,2026-05-11 03:45:00+00:00,2375.0,2390.39990234375,2375.0,2388.60009765625,0,bullish
1778471160,2026-05-11 03:46:00+00:00,2389.5,2392.300048828125,2384.60009765625,2387.10009765625,35506,bearish
1778471220,2026-05-11 03:47:00+00:00,2388.5,2393.800048828125,2387.60009765625,2393.300048828125,21704,bullish
1778471280,2026-05-11 03:48:00+00:00,2392.5,2392.5,2385.0,2385.89990234375,10882,bearish
1778471340,2026-05-11 03:49:00+00:00,2385.300048828125,2391.89990234375,2385.300048828125,2391.89990234375,7242,bullish
1778471400,2026-05-11 03:50:00+00:00,2391.60009765625,2391.699951171875,2386.300048828125,2389.800048828125,8472,bearish
1778471460,2026-05-11 03:51:00+00:00,2389.89990234375,2391.0,2387.39990234375,2390.0,11621,bullish
1778471520,2026-05-11 03:52:00+00:00,2390.0,2390.0,2387.0,2387.300048828125,9060,bearish
1778471580,2026-05-11 03:53:00+00:00,2387.300048828125,2387.300048828125,2380.800048828125,2382.199951171875,15740,bearish
1778471640,2026-05-11 03:54:00+00:00,2381.5,2387.0,2381.39990234375,2385.89990234375,10444,bullish
1778471700,2026-05-11 03:55:00+00:00,2386.699951171875,2386.699951171875,2381.39990234375,2383.800048828125,7053,bearish
1778471760,2026-05-11 03:56:00+00:00,2383.800048828125,2386.0,2382.0,2384.699951171875,4400,bullish
1778471820,2026-05-11 03:57:00+00:00,2384.699951171875,2386.0,2383.800048828125,2385.10009765625,4137,bullish
1778471880,2026-05-11 03:58:00+00:00,2385.0,2387.89990234375,2383.699951171875,2387.39990234375,5567,bullish
1778471940,2026-05-11 03:59:00+00:00,2386.89990234375,2387.800048828125,2386.39990234375,2387.60009765625,4574,bullish
1778472000,2026-05-11 04:00:00+00:00,2387.39990234375,2388.0,2387.199951171875,2387.39990234375,3660,doji
1778472060,2026-05-11 04:01:00+00:00,2388.10009765625,2388.800048828125,2387.89990234375,2388.39990234375,8298,bullish
1778472120,2026-05-11 04:02:00+00:00,2390.0,2394.0,2389.39990234375,2394.0,16579,bullish
1778472180,2026-05-11 04:03:00+00:00,2393.10009765625,2393.10009765625,2389.199951171875,2391.300048828125,9576,bearish
1778472240,2026-05-11 04:04:00+00:00,2391.199951171875,2392.800048828125,2390.800048828125,2392.10009765625,6600,bullish
1778472300,2026-05-11 04:05:00+00:00,2391.89990234375,2392.800048828125,2390.60009765625,2390.60009765625,6525,bearish
1778472360,2026-05-11 04:06:00+00:00,2390.800048828125,2391.60009765625,2390.10009765625,2390.10009765625,3524,bearish
1778472420,2026-05-11 04:07:00+00:00,2390.0,2391.60009765625,2390.0,2390.300048828125,7054,bullish
1778472480,2026-05-11 04:08:00+00:00,2389.5,2389.800048828125,2387.800048828125,2387.89990234375,4209,bearish
1778472540,2026-05-11 04:09:00+00:00,2387.60009765625,2387.60009765625,2385.39990234375,2385.800048828125,7298,bearish
1778472600,2026-05-11 04:10:00+00:00,2386.699951171875,2386.89990234375,2385.0,2385.199951171875,5081,bearish
1778472660,2026-05-11 04:11:00+00:00,2385.800048828125,2387.199951171875,2385.800048828125,2387.199951171875,3010,bullish
1778472720,2026-05-11 04:12:00+00:00,2387.60009765625,2388.89990234375,2386.0,2386.10009765625,3819,bearish
1778472780,2026-05-11 04:13:00+00:00,2385.89990234375,2385.89990234375,2384.0,2384.5,6001,bearish
1778472840,2026-05-11 04:14:00+00:00,2384.60009765625,2385.39990234375,2384.60009765625,2385.39990234375,2357,bullish
1778472900,2026-05-11 04:15:00+00:00,2385.5,2387.5,2385.5,2387.0,3184,bullish
1778472960,2026-05-11 04:16:00+00:00,2388.10009765625,2389.39990234375,2388.10009765625,2389.39990234375,2409,bullish
1778473020,2026-05-11 04:17:00+00:00,2389.5,2389.5,2389.199951171875,2389.5,3470,doji
1778473080,2026-05-11 04:18:00+00:00,2389.5,2389.699951171875,2389.10009765625,2389.5,4121,doji
1778473140,2026-05-11 04:19:00+00:00,2389.699951171875,2389.699951171875,2388.10009765625,2388.800048828125,3927,bearish
1778473200,2026-05-11 04:20:00+00:00,2389.60009765625,2389.699951171875,2386.5,2386.5,3609,bearish
1778473260,2026-05-11 04:21:00+00:00,2387.300048828125,2389.0,2386.5,2388.39990234375,3267,bullish
1778473320,2026-05-11 04:22:00+00:00,2388.39990234375,2389.60009765625,2388.39990234375,2389.60009765625,2061,bullish
1778473380,2026-05-11 04:23:00+00:00,2390.5,2390.60009765625,2390.0,2390.60009765625,3413,bullish
1778473440,2026-05-11 04:24:00+00:00,2391.10009765625,2392.0,2391.10009765625,2392.0,4019,bullish
1778473500,2026-05-11 04:25:00+00:00,2392.699951171875,2394.89990234375,2392.699951171875,2394.60009765625,9178,bullish
1778473560,2026-05-11 04:26:00+00:00,2394.5,2394.800048828125,2392.10009765625,2393.5,3679,bearish
1778473620,2026-05-11 04:27:00+00:00,2393.0,2393.60009765625,2391.39990234375,2391.89990234375,3275,bearish
1778473680,2026-05-11 04:28:00+00:00,2391.89990234375,2393.699951171875,2391.0,2392.300048828125,6123,bullish
1778473740,2026-05-11 04:29:00+00:00,2393.0,2393.0,2391.10009765625,2391.699951171875,1608,bearish
1778473800,2026-05-11 04:30:00+00:00,2391.699951171875,2393.800048828125,2391.699951171875,2393.39990234375,2638,bullish
1778473860,2026-05-11 04:31:00+00:00,2391.699951171875,2391.89990234375,2390.300048828125,2390.300048828125,2498,bearish
1778473920,2026-05-11 04:32:00+00:00,2390.5,2391.39990234375,2389.89990234375,2390.60009765625,6118,bullish
1778473980,2026-05-11 04:33:00+00:00,2390.699951171875,2391.0,2389.699951171875,2391.0,1144,bullish
1778474040,2026-05-11 04:34:00+00:00,2391.0,2391.5,2390.300048828125,2390.300048828125,1403,bearish
1778474100,2026-05-11 04:35:00+00:00,2390.10009765625,2390.800048828125,2390.10009765625,2390.5,1214,bullish
1778474160,2026-05-11 04:36:00+00:00,2390.699951171875,2392.5,2390.699951171875,2391.800048828125,5682,bullish
1778474220,2026-05-11 04:37:00+00:00,2391.800048828125,2393.89990234375,2391.800048828125,2393.89990234375,2861,bullish
1778474280,2026-05-11 04:38:00+00:00,2393.0,2394.0,2392.800048828125,2394.0,1683,bullish
1778474340,2026-05-11 04:39:00+00:00,2394.199951171875,2394.199951171875,2391.60009765625,2391.60009765625,2143,bearish
1778474400,2026-05-11 04:40:00+00:00,2392.300048828125,2392.300048828125,2389.0,2389.0,4789,bearish
1778474460,2026-05-11 04:41:00+00:00,2388.89990234375,2390.300048828125,2388.10009765625,2389.800048828125,7206,bullish
1778474520,2026-05-11 04:42:00+00:00,2390.0,2390.5,2389.699951171875,2390.10009765625,1319,bullish
1778474580,2026-05-11 04:43:00+00:00,2389.800048828125,2390.0,2388.699951171875,2388.699951171875,1363,bearish
1778474640,2026-05-11 04:44:00+00:00,2388.5,2388.5,2385.800048828125,2387.0,15053,bearish
1778474700,2026-05-11 04:45:00+00:00,2387.199951171875,2387.39990234375,2385.800048828125,2385.800048828125,6051,bearish
1778474760,2026-05-11 04:46:00+00:00,2385.89990234375,2385.89990234375,2384.5,2384.5,6293,bearish
1778474820,2026-05-11 04:47:00+00:00,2384.5,2384.5,2382.10009765625,2382.10009765625,6196,bearish
1778474880,2026-05-11 04:48:00+00:00,2382.10009765625,2382.10009765625,2379.300048828125,2382.0,15046,bearish
1778474940,2026-05-11 04:49:00+00:00,2381.699951171875,2382.0,2380.60009765625,2381.60009765625,4374,bearish
1778475000,2026-05-11 04:50:00+00:00,2381.60009765625,2383.10009765625,2381.5,2381.5,1873,bearish
1778475060,2026-05-11 04:51:00+00:00,2382.0,2383.5,2382.0,2383.5,1728,bullish
1778475120,2026-05-11 04:52:00+00:00,2383.699951171875,2385.89990234375,2383.5,2385.89990234375,1758,bullish
1778475180,2026-05-11 04:53:00+00:00,2386.300048828125,2386.5,2385.60009765625,2385.89990234375,3937,bearish
1778475240,2026-05-11 04:54:00+00:00,2385.60009765625,2386.0,2385.0,2385.800048828125,1104,bullish
1778475300,2026-05-11 04:55:00+00:00,2385.60009765625,2385.60009765625,2384.800048828125,2385.0,1363,bearish
1778475360,2026-05-11 04:56:00+00:00,2385.0,2388.800048828125,2385.0,2387.60009765625,2847,bullish
1778475420,2026-05-11 04:57:00+00:00,2387.199951171875,2389.0,2386.699951171875,2389.0,1542,bullish
1778475480,2026-05-11 04:58:00+00:00,2389.0,2389.89990234375,2388.60009765625,2389.199951171875,2965,bullish
1778475540,2026-05-11 04:59:00+00:00,2390.0,2390.0,2388.5,2388.60009765625,1497,bearish
1778475600,2026-05-11 05:00:00+00:00,2388.800048828125,2389.800048828125,2388.800048828125,2389.300048828125,2925,bullish
1778475660,2026-05-11 05:01:00+00:00,2389.800048828125,2390.0,2389.39990234375,2390.0,860,bullish
1778475720,2026-05-11 05:02:00+00:00,2390.0,2391.5,2390.0,2391.0,4821,bullish
1778475780,2026-05-11 05:03:00+00:00,2391.699951171875,2399.0,2391.699951171875,2398.39990234375,23615,bullish
1778475840,2026-05-11 05:04:00+00:00,2399.0,2401.0,2398.60009765625,2400.5,17017,bullish
1778475900,2026-05-11 05:05:00+00:00,2400.699951171875,2401.0,2399.0,2400.300048828125,6735,bearish
1778475960,2026-05-11 05:06:00+00:00,2400.5,2400.5,2399.199951171875,2400.0,2670,bearish
1778476020,2026-05-11 05:07:00+00:00,2400.0,2400.0,2397.0,2397.0,6400,bearish
1778476080,2026-05-11 05:08:00+00:00,2397.0,2398.10009765625,2396.199951171875,2397.39990234375,1538,bullish
1778476140,2026-05-11 05:09:00+00:00,2396.800048828125,2398.0,2396.39990234375,2396.89990234375,1571,bullish
1778476200,2026-05-11 05:10:00+00:00,2397.0,2397.199951171875,2395.0,2397.199951171875,8094,bullish
1778476260,2026-05-11 05:11:00+00:00,2397.699951171875,2399.39990234375,2397.0,2398.5,3869,bullish
1778476320,2026-05-11 05:12:00+00:00,2398.5,2400.199951171875,2398.5,2399.60009765625,3182,bullish
1778476380,2026-05-11 05:13:00+00:00,2399.800048828125,2399.800048828125,2396.60009765625,2397.60009765625,3749,bearish
1778476440,2026-05-11 05:14:00+00:00,2398.300048828125,2399.60009765625,2397.5,2399.60009765625,1218,bullish
1778476500,2026-05-11 05:15:00+00:00,2399.699951171875,2399.89990234375,2397.60009765625,2398.60009765625,2056,bearish
1778476560,2026-05-11 05:16:00+00:00,2398.60009765625,2399.39990234375,2397.800048828125,2399.0,1983,bullish
1778476620,2026-05-11 05:17:00+00:00,2398.89990234375,2399.800048828125,2397.699951171875,2398.300048828125,1198,bearish
1778476680,2026-05-11 05:18:00+00:00,2398.300048828125,2399.0,2398.300048828125,2398.5,1100,bullish
1778476740,2026-05-11 05:19:00+00:00,2398.39990234375,2398.39990234375,2397.0,2397.60009765625,8397,bearish
1778476800,2026-05-11 05:20:00+00:00,2397.199951171875,2398.800048828125,2397.199951171875,2398.800048828125,1869,bullish
1778476860,2026-05-11 05:21:00+00:00,2399.0,2399.39990234375,2398.89990234375,2398.89990234375,2164,bearish
1778476920,2026-05-11 05:22:00+00:00,2398.39990234375,2399.0,2397.5,2398.10009765625,2398,bearish
1778476980,2026-05-11 05:23:00+00:00,2397.800048828125,2399.800048828125,2397.60009765625,2399.10009765625,2224,bullish
1778477040,2026-05-11 05:24:00+00:00,2398.39990234375,2398.800048828125,2398.199951171875,2398.699951171875,993,bullish
1778477100,2026-05-11 05:25:00+00:00,2399.0,2400.60009765625,2399.0,2399.300048828125,5738,bullish
1778477160,2026-05-11 05:26:00+00:00,2399.60009765625,2400.10009765625,2399.39990234375,2399.5,1283,bearish
1778477220,2026-05-11 05:27:00+00:00,2400.0,2400.199951171875,2399.10009765625,2399.10009765625,1753,bearish
1778477280,2026-05-11 05:28:00+00:00,2399.699951171875,2405.0,2399.300048828125,2403.699951171875,7138,bullish
1778477340,2026-05-11 05:29:00+00:00,2403.0,2406.0,2403.0,2404.60009765625,5368,bullish
1778477400,2026-05-11 05:30:00+00:00,2404.60009765625,2404.60009765625,2403.800048828125,2403.800048828125,3261,bearish
1778477460,2026-05-11 05:31:00+00:00,2404.0,2405.0,2403.800048828125,2404.89990234375,4323,bullish
1778477520,2026-05-11 05:32:00+00:00,2405.0,2406.5,2403.800048828125,2403.800048828125,10911,bearish
1778477580,2026-05-11 05:33:00+00:00,2403.699951171875,2405.0,2403.0,2404.199951171875,2240,bullish
1778477640,2026-05-11 05:34:00+00:00,2405.0,2408.300048828125,2405.0,2408.0,6803,bullish
1778477700,2026-05-11 05:35:00+00:00,2407.800048828125,2409.10009765625,2407.10009765625,2409.0,12900,bullish
1778477760,2026-05-11 05:36:00+00:00,2408.800048828125,2410.0,2408.10009765625,2408.800048828125,4561,doji
1778477820,2026-05-11 05:37:00+00:00,2409.39990234375,2409.39990234375,2406.39990234375,2407.5,3161,bearish
1778477880,2026-05-11 05:38:00+00:00,2407.0,2407.699951171875,2405.39990234375,2405.699951171875,3022,bearish
1778477940,2026-05-11 05:39:00+00:00,2405.5,2407.0,2405.5,2406.39990234375,3370,bullish
1778478000,2026-05-11 05:40:00+00:00,2406.300048828125,2406.699951171875,2406.199951171875,2406.300048828125,3362,doji
1778478060,2026-05-11 05:41:00+00:00,2406.300048828125,2407.60009765625,2406.300048828125,2407.60009765625,1490,bullish
1778478120,2026-05-11 05:42:00+00:00,2407.89990234375,2408.89990234375,2407.89990234375,2408.199951171875,2105,bullish
1778478180,2026-05-11 05:43:00+00:00,2408.10009765625,2408.10009765625,2407.199951171875,2407.199951171875,3984,bearish
1778478240,2026-05-11 05:44:00+00:00,2407.60009765625,2408.0,2406.800048828125,2407.10009765625,4950,bearish
1778478300,2026-05-11 05:45:00+00:00,2407.5,2407.5,2406.60009765625,2407.0,6477,bearish
1778478360,2026-05-11 05:46:00+00:00,2406.5,2408.0,2406.0,2406.89990234375,17058,bullish
1778478420,2026-05-11 05:47:00+00:00,2406.89990234375,2407.89990234375,2406.300048828125,2406.800048828125,4860,bearish
1778478480,2026-05-11 05:48:00+00:00,2406.800048828125,2406.89990234375,2406.0,2406.199951171875,5284,bearish
1778478540,2026-05-11 05:49:00+00:00,2406.199951171875,2407.699951171875,2406.0,2407.699951171875,4091,bullish
1778478600,2026-05-11 05:50:00+00:00,2407.89990234375,2409.800048828125,2407.800048828125,2408.60009765625,5540,bullish
1778478660,2026-05-11 05:51:00+00:00,2409.800048828125,2409.800048828125,2408.0,2408.0,1337,bearish
1778478720,2026-05-11 05:52:00+00:00,2408.89990234375,2408.89990234375,2407.800048828125,2408.0,2135,bearish
1778478780,2026-05-11 05:53:00+00:00,2408.5,2409.0,2407.300048828125,2408.89990234375,1772,bullish
1778478840,2026-05-11 05:54:00+00:00,2408.699951171875,2408.699951171875,2408.0,2408.10009765625,1359,bearish
1778478900,2026-05-11 05:55:00+00:00,2408.199951171875,2408.300048828125,2407.60009765625,2408.0,2507,bearish
1778478960,2026-05-11 05:56:00+00:00,2408.0,2408.0,2404.10009765625,2404.699951171875,7909,bearish
1778479020,2026-05-11 05:57:00+00:00,2404.699951171875,2405.5,2404.300048828125,2405.39990234375,2987,bullish
1778479080,2026-05-11 05:58:00+00:00,2405.0,2405.699951171875,2404.39990234375,2404.39990234375,1271,bearish
1778479140,2026-05-11 05:59:00+00:00,2404.89990234375,2406.800048828125,2404.89990234375,2404.89990234375,3115,doji
1778479200,2026-05-11 06:00:00+00:00,2405.60009765625,2405.699951171875,2402.0,2403.0,7527,bearish
1778479260,2026-05-11 06:01:00+00:00,2402.699951171875,2403.0,2401.0,2403.0,2473,bullish
1778479320,2026-05-11 06:02:00+00:00,2403.0,2404.0,2402.5,2403.39990234375,2171,bullish
1778479380,2026-05-11 06:03:00+00:00,2403.39990234375,2403.39990234375,2401.199951171875,2401.5,1477,bearish
1778479440,2026-05-11 06:04:00+00:00,2401.800048828125,2403.0,2401.5,2402.800048828125,1051,bullish
1778479500,2026-05-11 06:05:00+00:00,2402.89990234375,2402.89990234375,2401.5,2402.5,2716,bearish
1778479560,2026-05-11 06:06:00+00:00,2402.60009765625,2402.60009765625,2401.300048828125,2401.300048828125,964,bearish
1778479620,2026-05-11 06:07:00+00:00,2401.300048828125,2402.5,2401.199951171875,2401.60009765625,1278,bullish
1778479680,2026-05-11 06:08:00+00:00,2400.5,2400.5,2397.800048828125,2399.0,10049,bearish
1778479740,2026-05-11 06:09:00+00:00,2399.199951171875,2402.0,2398.800048828125,2402.0,1676,bullish
1778479800,2026-05-11 06:10:00+00:00,2402.300048828125,2405.0,2402.300048828125,2404.800048828125,2413,bullish
1778479860,2026-05-11 06:11:00+00:00,2404.800048828125,2405.89990234375,2401.89990234375,2401.89990234375,3286,bearish
1778479920,2026-05-11 06:12:00+00:00,2401.89990234375,2403.800048828125,2401.300048828125,2403.10009765625,1608,bullish
1778479980,2026-05-11 06:13:00+00:00,2403.5,2404.800048828125,2403.39990234375,2404.800048828125,717,bullish
1778480040,2026-05-11 06:14:00+00:00,2405.0,2405.5,2404.300048828125,2405.5,3224,bullish
1778480100,2026-05-11 06:15:00+00:00,2405.60009765625,2405.60009765625,2404.60009765625,2405.10009765625,1103,bearish
1778480160,2026-05-11 06:16:00+00:00,2405.10009765625,2405.10009765625,2403.89990234375,2404.10009765625,1762,bearish
1778480220,2026-05-11 06:17:00+00:00,2404.5,2404.5,2403.0,2403.5,1553,bearish
1778480280,2026-05-11 06:18:00+00:00,2403.10009765625,2403.39990234375,2402.300048828125,2402.800048828125,1556,bearish
1778480340,2026-05-11 06:19:00+00:00,2403.0,2404.89990234375,2402.5,2404.199951171875,1348,bullish
1778480400,2026-05-11 06:20:00+00:00,2404.800048828125,2405.89990234375,2404.5,2405.800048828125,2413,bullish
1778480460,2026-05-11 06:21:00+00:00,2405.60009765625,2405.89990234375,2405.0,2405.800048828125,717,bullish
1778480520,2026-05-11 06:22:00+00:00,2405.800048828125,2406.699951171875,2404.800048828125,2406.699951171875,3220,bullish
1778480580,2026-05-11 06:23:00+00:00,2407.199951171875,2407.199951171875,2405.699951171875,2406.0,3978,bearish
1778480640,2026-05-11 06:24:00+00:00,2405.89990234375,2406.699951171875,2405.89990234375,2406.699951171875,1339,bullish
1778480700,2026-05-11 06:25:00+00:00,2406.5,2406.5,2405.5,2406.0,2287,bearish
1778480760,2026-05-11 06:26:00+00:00,2406.0,2406.0,2405.10009765625,2405.10009765625,1227,bearish
1778480820,2026-05-11 06:27:00+00:00,2405.89990234375,2406.0,2405.0,2405.800048828125,1269,bearish
1778480880,2026-05-11 06:28:00+00:00,2404.60009765625,2405.10009765625,2404.199951171875,2404.800048828125,5504,bullish
1778480940,2026-05-11 06:29:00+00:00,2405.0,2405.89990234375,2405.0,2405.800048828125,1776,bullish
1778481000,2026-05-11 06:30:00+00:00,2405.89990234375,2406.0,2404.300048828125,2405.10009765625,5526,bearish
1778481060,2026-05-11 06:31:00+00:00,2405.39990234375,2405.39990234375,2404.699951171875,2404.699951171875,793,bearish
1778481120,2026-05-11 06:32:00+00:00,2404.60009765625,2404.60009765625,2404.0,2404.39990234375,1151,bearish
1778481180,2026-05-11 06:33:00+00:00,2404.800048828125,2404.89990234375,2404.0,2404.89990234375,1978,bullish
1778481240,2026-05-11 06:34:00+00:00,2404.89990234375,2404.89990234375,2404.5,2404.5,598,bearish
1778481300,2026-05-11 06:35:00+00:00,2404.699951171875,2405.89990234375,2404.699951171875,2405.89990234375,1454,bullish
1778481360,2026-05-11 06:36:00+00:00,2406.199951171875,2406.5,2406.10009765625,2406.300048828125,1793,bullish
1778481420,2026-05-11 06:37:00+00:00,2405.800048828125,2406.199951171875,2405.199951171875,2405.39990234375,823,bearish
1778481480,2026-05-11 06:38:00+00:00,2405.800048828125,2406.10009765625,2405.10009765625,2405.39990234375,1724,bearish
1778481540,2026-05-11 06:39:00+00:00,2405.5,2406.0,2405.0,2405.0,927,bearish
1778481600,2026-05-11 06:40:00+00:00,2404.800048828125,2405.89990234375,2404.699951171875,2405.699951171875,953,bullish
1778481660,2026-05-11 06:41:00+00:00,2404.800048828125,2404.800048828125,2403.0,2403.300048828125,1879,bearish
1778481720,2026-05-11 06:42:00+00:00,2403.0,2403.0,2401.300048828125,2401.800048828125,2362,bearish
1778481780,2026-05-11 06:43:00+00:00,2402.199951171875,2402.39990234375,2401.800048828125,2402.0,1217,bearish
1778481840,2026-05-11 06:44:00+00:00,2402.0,2402.199951171875,2401.800048828125,2402.10009765625,1958,bullish
1778481900,2026-05-11 06:45:00+00:00,2402.0,2402.60009765625,2400.800048828125,2400.89990234375,4710,bearish
1778481960,2026-05-11 06:46:00+00:00,2400.89990234375,2401.5,2400.199951171875,2400.699951171875,3036,bearish
1778482020,2026-05-11 06:47:00+00:00,2400.5,2402.0,2400.5,2401.800048828125,2035,bullish
1778482080,2026-05-11 06:48:00+00:00,2401.60009765625,2402.60009765625,2401.60009765625,2402.60009765625,3234,bullish
1778482140,2026-05-11 06:49:00+00:00,2402.699951171875,2403.699951171875,2402.300048828125,2403.60009765625,2412,bullish
1778482200,2026-05-11 06:50:00+00:00,2403.5,2405.60009765625,2403.300048828125,2405.300048828125,2384,bullish
1778482260,2026-05-11 06:51:00+00:00,2405.0,2408.5,2405.0,2408.300048828125,7747,bullish
1778482320,2026-05-11 06:52:00+00:00,2408.199951171875,2411.10009765625,2408.0,2411.10009765625,13723,bullish
1778482380,2026-05-11 06:53:00+00:00,2411.800048828125,2414.60009765625,2411.39990234375,2412.800048828125,13164,bullish
1778482440,2026-05-11 06:54:00+00:00,2412.800048828125,2412.800048828125,2409.60009765625,2409.60009765625,2664,bearish
1778482500,2026-05-11 06:55:00+00:00,2410.39990234375,2411.800048828125,2409.89990234375,2411.800048828125,12498,bullish
1778482560,2026-05-11 06:56:00+00:00,2412.0,2412.300048828125,2411.0,2411.699951171875,3062,bearish
1778482620,2026-05-11 06:57:00+00:00,2411.5,2412.0,2411.0,2411.0,1187,bearish
1778482680,2026-05-11 06:58:00+00:00,2411.10009765625,2411.10009765625,2410.300048828125,2410.39990234375,1183,bearish
1778482740,2026-05-11 06:59:00+00:00,2410.60009765625,2410.800048828125,2409.39990234375,2409.39990234375,3514,bearish
1778482800,2026-05-11 07:00:00+00:00,2410.0,2411.800048828125,2410.0,2411.800048828125,3746,bullish
1778482860,2026-05-11 07:01:00+00:00,2411.300048828125,2412.800048828125,2411.300048828125,2412.39990234375,7128,bullish
1778482920,2026-05-11 07:02:00+00:00,2412.0,2414.0,2410.89990234375,2412.10009765625,19806,bullish
1778482980,2026-05-11 07:03:00+00:00,2412.300048828125,2413.0,2411.5,2413.0,3162,bullish
1778483040,2026-05-11 07:04:00+00:00,2412.10009765625,2413.39990234375,2411.800048828125,2413.0,2306,bullish
1778483100,2026-05-11 07:05:00+00:00,2413.0,2413.39990234375,2412.5,2412.60009765625,1460,bearish
1778483160,2026-05-11 07:06:00+00:00,2412.60009765625,2413.0,2412.199951171875,2412.199951171875,1828,bearish
1778483220,2026-05-11 07:07:00+00:00,2412.199951171875,2412.89990234375,2412.0,2412.0,4915,bearish
1778483280,2026-05-11 07:08:00+00:00,2412.300048828125,2412.300048828125,2410.800048828125,2410.89990234375,3256,bearish
1778483340,2026-05-11 07:09:00+00:00,2410.10009765625,2410.39990234375,2409.800048828125,2410.300048828125,13810,bullish
1778483400,2026-05-11 07:10:00+00:00,2410.199951171875,2410.39990234375,2410.0,2410.199951171875,6936,doji
1778483460,2026-05-11 07:11:00+00:00,2410.39990234375,2412.5,2410.39990234375,2412.300048828125,4592,bullish
1778483520,2026-05-11 07:12:00+00:00,2412.5,2413.0,2412.39990234375,2413.0,2236,bullish
1778483580,2026-05-11 07:13:00+00:00,2413.0,2413.39990234375,2412.60009765625,2413.199951171875,3563,bullish
1778483640,2026-05-11 07:14:00+00:00,2413.39990234375,2414.0,2412.800048828125,2413.5,2928,bullish
1778483700,2026-05-11 07:15:00+00:00,2414.0,2414.89990234375,2414.0,2414.60009765625,9170,bullish
1778483760,2026-05-11 07:16:00+00:00,2414.39990234375,2414.5,2413.300048828125,2413.60009765625,2892,bearish
1778483820,2026-05-11 07:17:00+00:00,2413.39990234375,2413.5,2409.39990234375,2409.60009765625,5736,bearish
1778483880,2026-05-11 07:18:00+00:00,2409.699951171875,2410.300048828125,2409.199951171875,2410.10009765625,1867,bullish
1778483940,2026-05-11 07:19:00+00:00,2409.800048828125,2410.199951171875,2408.89990234375,2408.89990234375,2700,bearish
1778484000,2026-05-11 07:20:00+00:00,2409.10009765625,2409.5,2408.39990234375,2408.699951171875,2568,bearish
1778484060,2026-05-11 07:21:00+00:00,2408.60009765625,2409.199951171875,2407.89990234375,2408.199951171875,2443,bearish
1778484120,2026-05-11 07:22:00+00:00,2409.0,2410.0,2408.699951171875,2409.199951171875,1650,bullish
1778484180,2026-05-11 07:23:00+00:00,2409.5,2409.89990234375,2408.89990234375,2409.39990234375,891,bearish
1778484240,2026-05-11 07:24:00+00:00,2409.39990234375,2409.60009765625,2408.89990234375,2409.0,985,bearish
1778484300,2026-05-11 07:25:00+00:00,2409.39990234375,2409.5,2408.60009765625,2409.300048828125,2500,bearish
1778484360,2026-05-11 07:26:00+00:00,2409.300048828125,2409.300048828125,2407.0,2408.5,5106,bearish
1778484420,2026-05-11 07:27:00+00:00,2408.699951171875,2408.699951171875,2407.0,2407.5,6459,bearish
1778484480,2026-05-11 07:28:00+00:00,2407.60009765625,2408.0,2406.10009765625,2406.10009765625,3787,bearish
1778484540,2026-05-11 07:29:00+00:00,2406.10009765625,2407.199951171875,2405.199951171875,2405.60009765625,2420,bearish
1778484600,2026-05-11 07:30:00+00:00,2405.39990234375,2407.89990234375,2402.699951171875,2403.0,24318,bearish
1778484660,2026-05-11 07:31:00+00:00,2401.89990234375,2405.5,2400.699951171875,2405.300048828125,26875,bullish
1778484720,2026-05-11 07:32:00+00:00,2405.300048828125,2405.699951171875,2404.800048828125,2405.300048828125,2932,doji
1778484780,2026-05-11 07:33:00+00:00,2405.5,2405.5,2402.699951171875,2402.89990234375,2378,bearish
1778484840,2026-05-11 07:34:00+00:00,2402.89990234375,2404.300048828125,2402.800048828125,2403.300048828125,1679,bullish
1778484900,2026-05-11 07:35:00+00:00,2403.5,2403.5,2401.89990234375,2402.10009765625,4494,bearish
1778484960,2026-05-11 07:36:00+00:00,2402.199951171875,2403.0,2402.0,2402.699951171875,2229,bullish
1778485020,2026-05-11 07:37:00+00:00,2402.800048828125,2405.300048828125,2402.800048828125,2405.300048828125,2698,bullish
1778485080,2026-05-11 07:38:00+00:00,2405.60009765625,2406.60009765625,2405.60009765625,2406.60009765625,6525,bullish
1778485140,2026-05-11 07:39:00+00:00,2406.5,2409.300048828125,2406.5,2409.10009765625,4331,bullish
1778485200,2026-05-11 07:40:00+00:00,2409.39990234375,2409.89990234375,2408.0,2409.39990234375,2520,doji
1778485260,2026-05-11 07:41:00+00:00,2409.5,2409.60009765625,2407.800048828125,2409.300048828125,2566,bearish
1778485320,2026-05-11 07:42:00+00:00,2409.699951171875,2409.699951171875,2408.5,2409.39990234375,3651,bearish
1778485380,2026-05-11 07:43:00+00:00,2409.39990234375,2410.800048828125,2409.39990234375,2410.0,13393,bullish
1778485440,2026-05-11 07:44:00+00:00,2409.89990234375,2410.0,2409.699951171875,2409.89990234375,1758,doji
1778485500,2026-05-11 07:45:00+00:00,2409.89990234375,2410.0,2408.800048828125,2408.89990234375,1993,bearish
1778485560,2026-05-11 07:46:00+00:00,2408.89990234375,2409.0,2408.800048828125,2408.800048828125,1615,bearish
1778485620,2026-05-11 07:47:00+00:00,2408.89990234375,2408.89990234375,2407.0,2407.0,3508,bearish
1778485680,2026-05-11 07:48:00+00:00,2406.800048828125,2409.5,2406.699951171875,2409.199951171875,12256,bullish
1778485740,2026-05-11 07:49:00+00:00,2408.39990234375,2409.199951171875,2408.39990234375,2408.800048828125,1543,bullish
1778485800,2026-05-11 07:50:00+00:00,2408.89990234375,2410.0,2408.89990234375,2409.699951171875,1266,bullish
1778485860,2026-05-11 07:51:00+00:00,2410.0,2410.699951171875,2409.89990234375,2410.39990234375,2093,bullish
1778485920,2026-05-11 07:52:00+00:00,2410.300048828125,2410.699951171875,2409.800048828125,2410.39990234375,1771,bullish
1778485980,2026-05-11 07:53:00+00:00,2410.39990234375,2410.5,2409.60009765625,2409.89990234375,1147,bearish
1778486040,2026-05-11 07:54:00+00:00,2409.89990234375,2410.39990234375,2409.800048828125,2410.199951171875,2559,bullish
1778486100,2026-05-11 07:55:00+00:00,2410.39990234375,2410.699951171875,2408.800048828125,2409.199951171875,3242,bearish
1778486160,2026-05-11 07:56:00+00:00,2409.300048828125,2410.10009765625,2408.89990234375,2409.5,1702,bullish
1778486220,2026-05-11 07:57:00+00:00,2409.800048828125,2409.800048828125,2408.699951171875,2408.800048828125,1582,bearish
1778486280,2026-05-11 07:58:00+00:00,2409.199951171875,2409.5,2408.5,2408.5,1360,bearish
1778486340,2026-05-11 07:59:00+00:00,2408.60009765625,2409.39990234375,2408.60009765625,2408.89990234375,1329,bullish
1778486400,2026-05-11 08:00:00+00:00,2408.800048828125,2409.10009765625,2408.300048828125,2408.800048828125,2351,doji
1778486460,2026-05-11 08:01:00+00:00,2407.89990234375,2408.699951171875,2406.89990234375,2407.699951171875,2381,bearish
1778486520,2026-05-11 08:02:00+00:00,2408.10009765625,2408.5,2406.60009765625,2406.60009765625,1250,bearish
1778486580,2026-05-11 08:03:00+00:00,2406.0,2406.89990234375,2405.0,2405.199951171875,6560,bearish
1778486640,2026-05-11 08:04:00+00:00,2404.89990234375,2406.89990234375,2404.39990234375,2406.5,2535,bullish
1778486700,2026-05-11 08:05:00+00:00,2406.89990234375,2409.5,2406.699951171875,2409.300048828125,2602,bullish
1778486760,2026-05-11 08:06:00+00:00,2408.199951171875,2409.5,2408.0,2408.39990234375,2248,bullish
1778486820,2026-05-11 08:07:00+00:00,2408.300048828125,2408.39990234375,2405.800048828125,2405.800048828125,1185,bearish
1778486880,2026-05-11 08:08:00+00:00,2405.800048828125,2406.10009765625,2405.60009765625,2406.10009765625,1115,bullish
1778486940,2026-05-11 08:09:00+00:00,2406.10009765625,2406.699951171875,2405.699951171875,2405.699951171875,2109,bearish
1778487000,2026-05-11 08:10:00+00:00,2405.699951171875,2406.60009765625,2405.5,2406.300048828125,1899,bullish
1778487060,2026-05-11 08:11:00+00:00,2406.60009765625,2406.60009765625,2403.800048828125,2403.89990234375,5663,bearish
1778487120,2026-05-11 08:12:00+00:00,2404.0,2404.300048828125,2403.0,2404.199951171875,4522,bullish
1778487180,2026-05-11 08:13:00+00:00,2404.300048828125,2404.300048828125,2403.60009765625,2404.10009765625,1597,bearish
1778487240,2026-05-11 08:14:00+00:00,2403.5,2404.300048828125,2403.5,2403.800048828125,1651,bullish
1778487300,2026-05-11 08:15:00+00:00,2403.39990234375,2404.800048828125,2402.89990234375,2404.800048828125,45914,bullish
1778487360,2026-05-11 08:16:00+00:00,2404.800048828125,2404.800048828125,2403.89990234375,2404.0,4412,bearish
1778487420,2026-05-11 08:17:00+00:00,2404.39990234375,2404.5,2401.89990234375,2402.10009765625,11518,bearish
1778487480,2026-05-11 08:18:00+00:00,2402.5,2402.5,2401.0,2401.699951171875,5535,bearish
1778487540,2026-05-11 08:19:00+00:00,2401.5,2402.5,2401.199951171875,2402.0,2820,bullish
1778487600,2026-05-11 08:20:00+00:00,2402.0,2402.699951171875,2401.5,2401.800048828125,2489,bearish
1778487660,2026-05-11 08:21:00+00:00,2402.0,2402.699951171875,2401.800048828125,2402.10009765625,4365,bullish
1778487720,2026-05-11 08:22:00+00:00,2402.39990234375,2402.89990234375,2402.0,2402.199951171875,1623,bearish
1778487780,2026-05-11 08:23:00+00:00,2402.300048828125,2403.39990234375,2402.199951171875,2402.60009765625,2996,bullish
1778487840,2026-05-11 08:24:00+00:00,2402.89990234375,2403.699951171875,2402.60009765625,2403.60009765625,1971,bullish
1778487900,2026-05-11 08:25:00+00:00,2404.300048828125,2404.39990234375,2402.199951171875,2403.10009765625,4429,bearish
1778487960,2026-05-11 08:26:00+00:00,2403.0,2403.300048828125,2402.199951171875,2403.0,3085,doji
1778488020,2026-05-11 08:27:00+00:00,2403.39990234375,2403.60009765625,2402.5,2402.800048828125,1280,bearish
1778488080,2026-05-11 08:28:00+00:00,2403.199951171875,2403.5,2402.800048828125,2403.300048828125,2397,bullish
1778488140,2026-05-11 08:29:00+00:00,2402.60009765625,2403.10009765625,2402.5,2402.60009765625,1990,doji
1778488200,2026-05-11 08:30:00+00:00,2402.89990234375,2404.0,2402.0,2402.0,6434,bearish
1778488260,2026-05-11 08:31:00+00:00,2402.699951171875,2403.300048828125,2402.0,2402.39990234375,2058,bearish
1778488320,2026-05-11 08:32:00+00:00,2402.699951171875,2403.39990234375,2402.300048828125,2403.0,1154,bullish
1778488380,2026-05-11 08:33:00+00:00,2403.300048828125,2403.5,2402.60009765625,2403.0,2043,bearish
1778488440,2026-05-11 08:34:00+00:00,2403.0,2403.699951171875,2402.10009765625,2402.800048828125,6053,bearish
1778488500,2026-05-11 08:35:00+00:00,2402.60009765625,2404.39990234375,2402.60009765625,2403.5,1642,bullish
1778488560,2026-05-11 08:36:00+00:00,2403.699951171875,2404.89990234375,2403.5,2403.5,3386,bearish
1778488620,2026-05-11 08:37:00+00:00,2403.300048828125,2404.39990234375,2403.0,2403.5,1067,bullish
1778488680,2026-05-11 08:38:00+00:00,2403.89990234375,2404.199951171875,2403.199951171875,2403.300048828125,1365,bearish
1778488740,2026-05-11 08:39:00+00:00,2404.0,2404.89990234375,2403.10009765625,2403.699951171875,1843,bearish
1778488800,2026-05-11 08:40:00+00:00,2403.0,2404.39990234375,2403.0,2403.60009765625,2578,bullish
1778488860,2026-05-11 08:41:00+00:00,2403.60009765625,2404.39990234375,2403.39990234375,2403.60009765625,1325,doji
1778488920,2026-05-11 08:42:00+00:00,2403.39990234375,2404.60009765625,2403.39990234375,2404.300048828125,2279,bullish
1778488980,2026-05-11 08:43:00+00:00,2403.89990234375,2404.39990234375,2403.10009765625,2403.39990234375,1730,bearish
1778489040,2026-05-11 08:44:00+00:00,2403.39990234375,2404.699951171875,2403.10009765625,2404.699951171875,1803,bullish
1778489100,2026-05-11 08:45:00+00:00,2404.5,2404.60009765625,2403.5,2403.5,1452,bearish
1778489160,2026-05-11 08:46:00+00:00,2403.10009765625,2403.89990234375,2401.0,2401.0,4218,bearish
1778489220,2026-05-11 08:47:00+00:00,2401.10009765625,2401.199951171875,2401.0,2401.0,5591,bearish
1778489280,2026-05-11 08:48:00+00:00,2400.39990234375,2402.300048828125,2400.39990234375,2401.0,5575,bullish
1778489340,2026-05-11 08:49:00+00:00,2399.800048828125,2400.699951171875,2399.10009765625,2400.699951171875,8615,bullish
1778489400,2026-05-11 08:50:00+00:00,2400.0,2403.300048828125,2400.0,2402.39990234375,3744,bullish
1778489460,2026-05-11 08:51:00+00:00,2402.39990234375,2403.5,2402.300048828125,2402.39990234375,1423,doji
1778489520,2026-05-11 08:52:00+00:00,2402.800048828125,2403.39990234375,2400.300048828125,2400.89990234375,3082,bearish
1778489580,2026-05-11 08:53:00+00:00,2400.89990234375,2401.89990234375,2400.39990234375,2401.699951171875,3731,bullish
1778489640,2026-05-11 08:54:00+00:00,2401.699951171875,2401.699951171875,2400.0,2400.0,2314,bearish
1778489700,2026-05-11 08:55:00+00:00,2400.199951171875,2401.699951171875,2399.89990234375,2401.0,2617,bullish
1778489760,2026-05-11 08:56:00+00:00,2401.0,2401.699951171875,2400.300048828125,2401.10009765625,2159,bullish
1778489820,2026-05-11 08:57:00+00:00,2401.5,2401.5,2400.0,2400.0,3630,bearish
1778489880,2026-05-11 08:58:00+00:00,2400.0,2400.0,2399.199951171875,2399.89990234375,1939,bearish
1778489940,2026-05-11 08:59:00+00:00,2400.0,2400.0,2399.800048828125,2399.89990234375,2228,bearish
1778490000,2026-05-11 09:00:00+00:00,2399.89990234375,2401.89990234375,2399.89990234375,2401.89990234375,7182,bullish
1778490060,2026-05-11 09:01:00+00:00,2401.199951171875,2402.39990234375,2401.199951171875,2402.199951171875,2306,bullish
1778490120,2026-05-11 09:02:00+00:00,2402.199951171875,2403.5,2401.89990234375,2402.5,2391,bullish
1778490180,2026-05-11 09:03:00+00:00,2402.699951171875,2404.60009765625,2402.10009765625,2404.5,3854,bullish
1778490240,2026-05-11 09:04:00+00:00,2404.5,2405.5,2404.5,2404.89990234375,8378,bullish
1778490300,2026-05-11 09:05:00+00:00,2404.800048828125,2405.5,2404.60009765625,2404.800048828125,7119,doji
1778490360,2026-05-11 09:06:00+00:00,2404.800048828125,2405.0,2404.5,2404.800048828125,2994,doji
1778490420,2026-05-11 09:07:00+00:00,2404.60009765625,2404.60009765625,2402.699951171875,2402.89990234375,2611,bearish
1778490480,2026-05-11 09:08:00+00:00,2402.39990234375,2403.300048828125,2402.39990234375,2402.800048828125,1573,bullish
1778490540,2026-05-11 09:09:00+00:00,2403.300048828125,2403.300048828125,2402.10009765625,2403.10009765625,1105,bearish
1778490600,2026-05-11 09:10:00+00:00,2403.199951171875,2403.199951171875,2401.60009765625,2401.699951171875,2446,bearish
1778490660,2026-05-11 09:11:00+00:00,2401.10009765625,2402.60009765625,2401.10009765625,2402.10009765625,2674,bullish
1778490720,2026-05-11 09:12:00+00:00,2402.10009765625,2402.89990234375,2401.5,2401.800048828125,1148,bearish
1778490780,2026-05-11 09:13:00+00:00,2401.39990234375,2401.39990234375,2396.0,2397.199951171875,18381,bearish
1778490840,2026-05-11 09:14:00+00:00,2397.800048828125,2399.300048828125,2397.800048828125,2399.10009765625,1871,bullish
1778490900,2026-05-11 09:15:00+00:00,2398.89990234375,2399.300048828125,2398.199951171875,2399.10009765625,1816,bullish
1778490960,2026-05-11 09:16:00+00:00,2399.199951171875,2400.0,2399.199951171875,2400.0,4617,bullish
1778491020,2026-05-11 09:17:00+00:00,2400.0,2400.0,2398.0,2398.39990234375,3452,bearish
1778491080,2026-05-11 09:18:00+00:00,2398.60009765625,2399.199951171875,2397.10009765625,2397.800048828125,4411,bearish
1778491140,2026-05-11 09:19:00+00:00,2397.10009765625,2397.300048828125,2395.800048828125,2396.800048828125,9474,bearish
1778491200,2026-05-11 09:20:00+00:00,2395.89990234375,2398.800048828125,2395.89990234375,2398.800048828125,4481,bullish
1778491260,2026-05-11 09:21:00+00:00,2398.5,2400.60009765625,2398.5,2399.60009765625,10039,bullish
1778491320,2026-05-11 09:22:00+00:00,2399.0,2399.5,2396.89990234375,2397.0,8774,bearish
1778491380,2026-05-11 09:23:00+00:00,2396.89990234375,2398.800048828125,2396.300048828125,2398.800048828125,5470,bullish
1778491440,2026-05-11 09:24:00+00:00,2399.10009765625,2399.699951171875,2398.0,2398.0,2289,bearish
1778491500,2026-05-11 09:25:00+00:00,2398.199951171875,2399.5,2397.39990234375,2398.800048828125,2135,bullish
1778491560,2026-05-11 09:26:00+00:00,2398.800048828125,2399.39990234375,2398.199951171875,2398.5,1090,bearish
1778491620,2026-05-11 09:27:00+00:00,2398.300048828125,2399.10009765625,2398.199951171875,2398.699951171875,1884,bullish
1778491680,2026-05-11 09:28:00+00:00,2397.800048828125,2399.300048828125,2397.699951171875,2399.199951171875,1890,bullish
1778491740,2026-05-11 09:29:00+00:00,2398.800048828125,2399.60009765625,2398.300048828125,2398.60009765625,2523,bearish
1778491800,2026-05-11 09:30:00+00:00,2398.0,2398.0,2395.699951171875,2395.800048828125,34537,bearish
1778491860,2026-05-11 09:31:00+00:00,2395.800048828125,2396.699951171875,2395.300048828125,2395.39990234375,9693,bearish
1778491920,2026-05-11 09:32:00+00:00,2395.800048828125,2395.89990234375,2394.300048828125,2394.300048828125,13448,bearish
1778491980,2026-05-11 09:33:00+00:00,2395.0,2395.0,2394.89990234375,2394.89990234375,4115,bearish
1778492040,2026-05-11 09:34:00+00:00,2394.39990234375,2394.39990234375,2393.10009765625,2393.10009765625,11209,bearish
1778492100,2026-05-11 09:35:00+00:00,2393.10009765625,2393.10009765625,2392.199951171875,2392.199951171875,14053,bearish
1778492160,2026-05-11 09:36:00+00:00,2392.199951171875,2392.199951171875,2390.60009765625,2390.60009765625,15410,bearish
1778492220,2026-05-11 09:37:00+00:00,2390.39990234375,2392.0,2390.39990234375,2391.800048828125,13042,bullish
1778492280,2026-05-11 09:38:00+00:00,2391.800048828125,2391.800048828125,2391.5,2391.5,4453,bearish
1778492340,2026-05-11 09:39:00+00:00,2391.60009765625,2391.60009765625,2390.699951171875,2390.699951171875,13596,bearish
1778492400,2026-05-11 09:40:00+00:00,2391.0,2391.199951171875,2390.800048828125,2391.199951171875,14240,bullish
1778492460,2026-05-11 09:41:00+00:00,2391.0,2391.199951171875,2390.60009765625,2390.60009765625,14283,bearish
1778492520,2026-05-11 09:42:00+00:00,2390.60009765625,2391.39990234375,2390.5,2391.0,11825,bullish
1778492580,2026-05-11 09:43:00+00:00,2391.300048828125,2392.89990234375,2391.199951171875,2392.699951171875,11878,bullish
1778492640,2026-05-11 09:44:00+00:00,2392.39990234375,2392.39990234375,2392.10009765625,2392.10009765625,11398,bearish
1778492700,2026-05-11 09:45:00+00:00,2392.10009765625,2393.60009765625,2392.10009765625,2393.0,14494,bullish
1778492760,2026-05-11 09:46:00+00:00,2393.5,2393.5,2393.39990234375,2393.5,8283,doji
1778492820,2026-05-11 09:47:00+00:00,2393.5,2393.5,2393.300048828125,2393.300048828125,5919,bearish
1778492880,2026-05-11 09:48:00+00:00,2393.39990234375,2393.39990234375,2393.300048828125,2393.39990234375,11413,doji
1778492940,2026-05-11 09:49:00+00:00,2393.300048828125,2393.39990234375,2393.199951171875,2393.199951171875,16899,bearish
1778493000,2026-05-11 09:50:00+00:00,2393.300048828125,2393.300048828125,2393.10009765625,2393.10009765625,7300,bearish
1778493060,2026-05-11 09:51:00+00:00,2393.199951171875,2393.199951171875,2393.10009765625,2393.199951171875,17166,doji
1778493120,2026-05-11 09:52:00+00:00,2393.199951171875,2393.199951171875,2393.10009765625,2393.199951171875,15384,doji
1778493180,2026-05-11 09:53:00+00:00,2393.199951171875,2393.300048828125,2393.10009765625,2393.300048828125,6919,bullish
1778493240,2026-05-11 09:54:00+00:00,2393.300048828125,2393.300048828125,2393.0,2393.0,20558,bearish
1778493300,2026-05-11 09:55:00+00:00,2393.10009765625,2393.10009765625,2390.800048828125,2390.800048828125,24611,bearish
1778493360,2026-05-11 09:56:00+00:00,2390.699951171875,2391.800048828125,2390.39990234375,2391.800048828125,18238,bullish
1778493420,2026-05-11 09:57:00+00:00,2391.800048828125,2391.800048828125,2391.60009765625,2391.60009765625,11003,bearish
1778493480,2026-05-11 09:58:00+00:00,2390.800048828125,2391.5,2390.10009765625,2391.10009765625,7532,bullish
1778493540,2026-05-11 09:59:00+00:00,2391.10009765625,2400.0,2390.0,2392.89990234375,24485,bullish
1778557500,2026-05-12 03:45:00+00:00,2368.300048828125,2368.300048828125,2338.10009765625,2341.800048828125,0,bearish
1778557560,2026-05-12 03:46:00+00:00,2341.0,2348.89990234375,2335.0,2335.0,59765,bearish
1778557620,2026-05-12 03:47:00+00:00,2336.10009765625,2339.300048828125,2333.0,2333.5,50050,bearish
1778557680,2026-05-12 03:48:00+00:00,2334.699951171875,2334.699951171875,2326.699951171875,2333.0,65603,bearish
1778557740,2026-05-12 03:49:00+00:00,2332.300048828125,2340.5,2332.199951171875,2337.300048828125,32786,bullish
1778557800,2026-05-12 03:50:00+00:00,2335.800048828125,2335.800048828125,2329.300048828125,2333.60009765625,51855,bearish
1778557860,2026-05-12 03:51:00+00:00,2333.5,2336.300048828125,2332.5,2334.39990234375,22894,bullish
1778557920,2026-05-12 03:52:00+00:00,2334.39990234375,2337.5,2333.300048828125,2333.800048828125,19875,bearish
1778557980,2026-05-12 03:53:00+00:00,2332.39990234375,2333.60009765625,2328.10009765625,2332.800048828125,27743,bullish
1778558040,2026-05-12 03:54:00+00:00,2333.10009765625,2333.5,2329.10009765625,2331.5,19703,bearish
1778558100,2026-05-12 03:55:00+00:00,2332.199951171875,2332.199951171875,2323.800048828125,2324.0,56448,bearish
1778558160,2026-05-12 03:56:00+00:00,2324.0,2325.0,2321.10009765625,2322.0,39410,bearish
1778558220,2026-05-12 03:57:00+00:00,2322.5,2322.89990234375,2317.39990234375,2317.39990234375,42258,bearish
1778558280,2026-05-12 03:58:00+00:00,2317.39990234375,2320.60009765625,2314.699951171875,2315.0,31176,bearish
1778558340,2026-05-12 03:59:00+00:00,2315.699951171875,2318.199951171875,2314.5,2315.699951171875,31263,doji
1778558400,2026-05-12 04:00:00+00:00,2316.39990234375,2317.0,2313.300048828125,2313.699951171875,24378,bearish
1778558460,2026-05-12 04:01:00+00:00,2314.89990234375,2315.0,2311.10009765625,2311.60009765625,29085,bearish
1778558520,2026-05-12 04:02:00+00:00,2310.89990234375,2312.0,2306.0,2306.0,52287,bearish
1778558580,2026-05-12 04:03:00+00:00,2305.60009765625,2310.89990234375,2304.5,2306.5,39086,bullish
1778558640,2026-05-12 04:04:00+00:00,2306.60009765625,2311.5,2306.39990234375,2311.39990234375,17293,bullish
1778558700,2026-05-12 04:05:00+00:00,2312.10009765625,2312.10009765625,2307.60009765625,2309.800048828125,17495,bearish
1778558760,2026-05-12 04:06:00+00:00,2309.800048828125,2314.800048828125,2309.800048828125,2312.0,33149,bullish
1778558820,2026-05-12 04:07:00+00:00,2312.800048828125,2312.800048828125,2309.699951171875,2310.5,21968,bearish
1778558880,2026-05-12 04:08:00+00:00,2311.0,2314.89990234375,2310.199951171875,2313.199951171875,31839,bullish
1778558940,2026-05-12 04:09:00+00:00,2313.10009765625,2313.10009765625,2311.0,2311.199951171875,21700,bearish
1778559000,2026-05-12 04:10:00+00:00,2312.0,2314.0,2311.39990234375,2313.0,10231,bullish
1778559060,2026-05-12 04:11:00+00:00,2313.89990234375,2314.5,2311.699951171875,2311.800048828125,26760,bearish
1778559120,2026-05-12 04:12:00+00:00,2311.699951171875,2313.0,2310.0,2312.60009765625,19562,bullish
1778559180,2026-05-12 04:13:00+00:00,2312.60009765625,2314.800048828125,2311.199951171875,2313.0,18028,bullish
1778559240,2026-05-12 04:14:00+00:00,2313.0,2313.0,2311.5,2312.0,11451,bearish
1778559300,2026-05-12 04:15:00+00:00,2311.5,2312.199951171875,2308.39990234375,2310.0,27322,bearish
1778559360,2026-05-12 04:16:00+00:00,2310.0,2310.0,2308.0,2308.0,21225,bearish
1778559420,2026-05-12 04:17:00+00:00,2308.699951171875,2312.10009765625,2308.0,2309.0,25904,bullish
1778559480,2026-05-12 04:18:00+00:00,2309.0,2310.60009765625,2307.10009765625,2308.89990234375,16373,bearish
1778559540,2026-05-12 04:19:00+00:00,2308.89990234375,2309.89990234375,2306.0,2306.89990234375,15921,bearish
1778559600,2026-05-12 04:20:00+00:00,2307.0,2307.0,2306.0,2306.300048828125,21012,bearish
1778559660,2026-05-12 04:21:00+00:00,2306.199951171875,2306.199951171875,2304.0,2304.10009765625,44865,bearish
1778559720,2026-05-12 04:22:00+00:00,2304.10009765625,2304.89990234375,2301.699951171875,2302.800048828125,49560,bearish
1778559780,2026-05-12 04:23:00+00:00,2302.89990234375,2309.0,2301.0,2309.0,39497,bullish
1778559840,2026-05-12 04:24:00+00:00,2309.0,2311.300048828125,2306.800048828125,2310.199951171875,20940,bullish
1778559900,2026-05-12 04:25:00+00:00,2311.199951171875,2311.699951171875,2310.10009765625,2310.800048828125,17916,bearish
1778559960,2026-05-12 04:26:00+00:00,2311.10009765625,2311.39990234375,2301.10009765625,2301.10009765625,31710,bearish
1778560020,2026-05-12 04:27:00+00:00,2300.800048828125,2302.699951171875,2300.60009765625,2301.300048828125,36154,bullish
1778560080,2026-05-12 04:28:00+00:00,2301.300048828125,2301.39990234375,2300.10009765625,2300.300048828125,16314,bearish
1778560140,2026-05-12 04:29:00+00:00,2300.60009765625,2302.10009765625,2299.300048828125,2301.10009765625,79999,bullish
1778560200,2026-05-12 04:30:00+00:00,2301.10009765625,2304.60009765625,2300.5,2301.0,12445,bearish
1778560260,2026-05-12 04:31:00+00:00,2300.800048828125,2303.0,2300.5,2302.0,10595,bullish
1778560320,2026-05-12 04:32:00+00:00,2302.699951171875,2303.60009765625,2300.0,2301.89990234375,19078,bearish
1778560380,2026-05-12 04:33:00+00:00,2301.60009765625,2303.0,2300.60009765625,2302.699951171875,7561,bullish
1778560440,2026-05-12 04:34:00+00:00,2302.5,2303.60009765625,2300.89990234375,2300.89990234375,15730,bearish
1778560500,2026-05-12 04:35:00+00:00,2300.89990234375,2301.39990234375,2300.0,2301.10009765625,19284,bullish
1778560560,2026-05-12 04:36:00+00:00,2301.300048828125,2303.0,2300.89990234375,2302.0,16957,bullish
1778560620,2026-05-12 04:37:00+00:00,2301.699951171875,2302.5,2300.89990234375,2301.60009765625,10398,bearish
1778560680,2026-05-12 04:38:00+00:00,2301.60009765625,2302.199951171875,2300.199951171875,2300.300048828125,10991,bearish
1778560740,2026-05-12 04:39:00+00:00,2300.800048828125,2301.5,2300.300048828125,2301.0,10010,bullish
1778560800,2026-05-12 04:40:00+00:00,2301.0,2302.0,2300.5,2301.5,5394,bullish
1778560860,2026-05-12 04:41:00+00:00,2301.39990234375,2302.0,2301.0,2301.89990234375,9944,bullish
1778560920,2026-05-12 04:42:00+00:00,2301.800048828125,2303.5,2301.199951171875,2301.199951171875,20591,bearish
1778560980,2026-05-12 04:43:00+00:00,2301.199951171875,2303.39990234375,2300.5,2301.699951171875,22062,bullish
1778561040,2026-05-12 04:44:00+00:00,2302.0,2303.0,2301.0,2301.0,14821,bearish
1778561100,2026-05-12 04:45:00+00:00,2301.0,2301.699951171875,2300.0,2300.300048828125,15092,bearish
1778561160,2026-05-12 04:46:00+00:00,2300.300048828125,2301.89990234375,2300.0,2300.800048828125,18033,bullish
1778561220,2026-05-12 04:47:00+00:00,2300.199951171875,2302.10009765625,2300.199951171875,2301.0,14144,bullish
1778561280,2026-05-12 04:48:00+00:00,2301.800048828125,2302.699951171875,2301.10009765625,2302.10009765625,7280,bullish
1778561340,2026-05-12 04:49:00+00:00,2302.199951171875,2302.89990234375,2302.10009765625,2302.5,9131,bullish
1778561400,2026-05-12 04:50:00+00:00,2302.5,2303.89990234375,2302.10009765625,2303.800048828125,9174,bullish
1778561460,2026-05-12 04:51:00+00:00,2304.39990234375,2305.0,2302.89990234375,2302.89990234375,25278,bearish
1778561520,2026-05-12 04:52:00+00:00,2302.60009765625,2302.800048828125,2300.300048828125,2300.699951171875,15642,bearish
1778561580,2026-05-12 04:53:00+00:00,2300.300048828125,2301.300048828125,2298.5,2298.5,45589,bearish
1778561640,2026-05-12 04:54:00+00:00,2298.0,2299.89990234375,2297.699951171875,2298.39990234375,24915,bullish
1778561700,2026-05-12 04:55:00+00:00,2298.89990234375,2298.89990234375,2295.699951171875,2296.0,30131,bearish
1778561760,2026-05-12 04:56:00+00:00,2295.699951171875,2295.89990234375,2292.0,2292.0,51615,bearish
1778561820,2026-05-12 04:57:00+00:00,2291.39990234375,2293.0,2291.39990234375,2292.89990234375,18675,bullish
1778561880,2026-05-12 04:58:00+00:00,2292.5,2292.89990234375,2291.199951171875,2291.89990234375,16883,bearish
1778561940,2026-05-12 04:59:00+00:00,2291.800048828125,2291.89990234375,2290.300048828125,2290.39990234375,24419,bearish
1778562000,2026-05-12 05:00:00+00:00,2290.800048828125,2290.89990234375,2288.0,2289.699951171875,54865,bearish
1778562060,2026-05-12 05:01:00+00:00,2290.0,2290.0,2288.60009765625,2289.699951171875,15763,bearish
1778562120,2026-05-12 05:02:00+00:00,2290.0,2291.0,2286.199951171875,2286.60009765625,57218,bearish
1778562180,2026-05-12 05:03:00+00:00,2286.60009765625,2289.0,2286.0,2287.699951171875,15664,bullish
1778562240,2026-05-12 05:04:00+00:00,2287.699951171875,2289.5,2287.199951171875,2289.0,11694,bullish
1778562300,2026-05-12 05:05:00+00:00,2288.60009765625,2289.0,2287.10009765625,2287.300048828125,12236,bearish
1778562360,2026-05-12 05:06:00+00:00,2287.300048828125,2287.89990234375,2284.300048828125,2284.5,64823,bearish
1778562420,2026-05-12 05:07:00+00:00,2284.699951171875,2287.0,2284.5,2285.199951171875,24231,bullish
1778562480,2026-05-12 05:08:00+00:00,2285.39990234375,2286.10009765625,2284.800048828125,2285.300048828125,15184,bearish
1778562540,2026-05-12 05:09:00+00:00,2285.39990234375,2287.10009765625,2284.800048828125,2286.699951171875,15104,bullish
1778562600,2026-05-12 05:10:00+00:00,2286.39990234375,2288.60009765625,2286.39990234375,2288.300048828125,8879,bullish
1778562660,2026-05-12 05:11:00+00:00,2288.0,2288.5,2286.5,2287.699951171875,12827,bearish
1778562720,2026-05-12 05:12:00+00:00,2288.0,2292.0,2288.0,2291.60009765625,15490,bullish
1778562780,2026-05-12 05:13:00+00:00,2291.60009765625,2292.5,2291.10009765625,2291.10009765625,8102,bearish
1778562840,2026-05-12 05:14:00+00:00,2291.60009765625,2293.0,2291.0,2292.699951171875,12684,bullish
1778562900,2026-05-12 05:15:00+00:00,2292.699951171875,2294.800048828125,2292.60009765625,2294.300048828125,10947,bullish
1778562960,2026-05-12 05:16:00+00:00,2294.300048828125,2294.5,2292.300048828125,2292.699951171875,13268,bearish
1778563020,2026-05-12 05:17:00+00:00,2292.60009765625,2292.699951171875,2290.300048828125,2291.800048828125,10177,bearish
1778563080,2026-05-12 05:18:00+00:00,2291.699951171875,2292.60009765625,2291.0,2292.10009765625,11148,bullish
1778563140,2026-05-12 05:19:00+00:00,2292.300048828125,2292.60009765625,2291.699951171875,2291.800048828125,6991,bearish
1778563200,2026-05-12 05:20:00+00:00,2291.800048828125,2292.5,2291.800048828125,2292.0,7833,bullish
1778563260,2026-05-12 05:21:00+00:00,2291.800048828125,2292.89990234375,2290.199951171875,2291.300048828125,24694,bearish
1778563320,2026-05-12 05:22:00+00:00,2291.300048828125,2294.5,2291.300048828125,2293.60009765625,14474,bullish
1778563380,2026-05-12 05:23:00+00:00,2294.0,2295.89990234375,2294.0,2294.10009765625,20148,bullish
1778563440,2026-05-12 05:24:00+00:00,2294.10009765625,2295.89990234375,2294.0,2295.0,12264,bullish
1778563500,2026-05-12 05:25:00+00:00,2295.0,2295.199951171875,2294.0,2294.60009765625,10293,bearish
1778563560,2026-05-12 05:26:00+00:00,2294.60009765625,2295.199951171875,2294.60009765625,2295.10009765625,8462,bullish
1778563620,2026-05-12 05:27:00+00:00,2295.10009765625,2295.39990234375,2294.699951171875,2295.300048828125,7316,bullish
1778563680,2026-05-12 05:28:00+00:00,2295.199951171875,2296.300048828125,2295.199951171875,2295.5,9251,bullish
1778563740,2026-05-12 05:29:00+00:00,2295.60009765625,2296.300048828125,2295.5,2296.0,6618,bullish
1778563800,2026-05-12 05:30:00+00:00,2296.10009765625,2296.89990234375,2296.10009765625,2296.89990234375,5662,bullish
1778563860,2026-05-12 05:31:00+00:00,2296.800048828125,2296.800048828125,2295.5,2295.89990234375,14067,bearish
1778563920,2026-05-12 05:32:00+00:00,2295.800048828125,2296.699951171875,2294.0,2296.39990234375,12093,bullish
1778563980,2026-05-12 05:33:00+00:00,2296.300048828125,2296.300048828125,2293.5,2294.5,7433,bearish
1778564040,2026-05-12 05:34:00+00:00,2294.89990234375,2296.0,2294.39990234375,2295.89990234375,4798,bullish
1778564100,2026-05-12 05:35:00+00:00,2295.800048828125,2296.10009765625,2295.39990234375,2295.89990234375,5613,bullish
1778564160,2026-05-12 05:36:00+00:00,2294.199951171875,2294.199951171875,2292.10009765625,2293.0,11547,bearish
1778564220,2026-05-12 05:37:00+00:00,2293.0,2293.39990234375,2291.699951171875,2292.0,8764,bearish
1778564280,2026-05-12 05:38:00+00:00,2292.0,2293.0,2291.60009765625,2293.0,9963,bullish
1778564340,2026-05-12 05:39:00+00:00,2293.0,2294.5,2293.0,2293.10009765625,4785,bullish
1778564400,2026-05-12 05:40:00+00:00,2293.0,2293.89990234375,2292.300048828125,2292.699951171875,4882,bearish
1778564460,2026-05-12 05:41:00+00:00,2293.0,2293.199951171875,2291.699951171875,2291.699951171875,6028,bearish
1778564520,2026-05-12 05:42:00+00:00,2291.89990234375,2291.89990234375,2290.800048828125,2291.0,7383,bearish
1778564580,2026-05-12 05:43:00+00:00,2290.89990234375,2291.300048828125,2290.10009765625,2290.5,7689,bearish
1778564640,2026-05-12 05:44:00+00:00,2290.5,2291.10009765625,2290.10009765625,2291.10009765625,7320,bullish
1778564700,2026-05-12 05:45:00+00:00,2290.800048828125,2290.89990234375,2290.10009765625,2290.10009765625,6995,bearish
1778564760,2026-05-12 05:46:00+00:00,2290.39990234375,2292.89990234375,2290.199951171875,2291.699951171875,5420,bullish
1778564820,2026-05-12 05:47:00+00:00,2291.699951171875,2293.699951171875,2291.5,2293.60009765625,4416,bullish
1778564880,2026-05-12 05:48:00+00:00,2293.699951171875,2294.89990234375,2293.60009765625,2294.0,6437,bullish
1778564940,2026-05-12 05:49:00+00:00,2294.0,2294.89990234375,2293.60009765625,2293.800048828125,5540,bearish
1778565000,2026-05-12 05:50:00+00:00,2293.699951171875,2295.300048828125,2293.60009765625,2294.89990234375,6522,bullish
1778565060,2026-05-12 05:51:00+00:00,2294.89990234375,2295.199951171875,2293.699951171875,2293.699951171875,8601,bearish
1778565120,2026-05-12 05:52:00+00:00,2293.60009765625,2294.5,2293.199951171875,2293.89990234375,4399,bullish
1778565180,2026-05-12 05:53:00+00:00,2294.0,2294.800048828125,2293.199951171875,2293.699951171875,6958,bearish
1778565240,2026-05-12 05:54:00+00:00,2293.5,2294.10009765625,2291.10009765625,2291.39990234375,10046,bearish
1778565300,2026-05-12 05:55:00+00:00,2292.0,2292.89990234375,2291.39990234375,2292.300048828125,3647,bullish
1778565360,2026-05-12 05:56:00+00:00,2292.5,2293.300048828125,2291.300048828125,2292.199951171875,9852,bearish
1778565420,2026-05-12 05:57:00+00:00,2292.5,2292.699951171875,2291.300048828125,2291.60009765625,5853,bearish
1778565480,2026-05-12 05:58:00+00:00,2291.60009765625,2291.60009765625,2290.0,2290.0,32739,bearish
1778565540,2026-05-12 05:59:00+00:00,2290.10009765625,2291.5,2290.0,2290.800048828125,9176,bullish
1778565600,2026-05-12 06:00:00+00:00,2290.89990234375,2291.10009765625,2290.0,2290.0,8153,bearish
1778565660,2026-05-12 06:01:00+00:00,2289.10009765625,2291.10009765625,2289.10009765625,2290.60009765625,21601,bullish
1778565720,2026-05-12 06:02:00+00:00,2290.5,2293.300048828125,2290.39990234375,2292.60009765625,31745,bullish
1778565780,2026-05-12 06:03:00+00:00,2292.5,2295.300048828125,2292.5,2295.300048828125,16086,bullish
1778565840,2026-05-12 06:04:00+00:00,2295.10009765625,2296.800048828125,2295.0,2295.800048828125,44626,bullish
1778565900,2026-05-12 06:05:00+00:00,2296.10009765625,2296.699951171875,2295.89990234375,2296.199951171875,13126,bullish
1778565960,2026-05-12 06:06:00+00:00,2296.199951171875,2296.800048828125,2296.10009765625,2296.39990234375,6507,bullish
1778566020,2026-05-12 06:07:00+00:00,2296.5,2300.0,2296.39990234375,2298.300048828125,73523,bullish
1778566080,2026-05-12 06:08:00+00:00,2298.0,2298.300048828125,2296.5,2297.699951171875,6004,bearish
1778566140,2026-05-12 06:09:00+00:00,2297.699951171875,2298.39990234375,2297.5,2298.300048828125,10624,bullish
1778566200,2026-05-12 06:10:00+00:00,2298.300048828125,2298.300048828125,2296.39990234375,2296.699951171875,9270,bearish
1778566260,2026-05-12 06:11:00+00:00,2296.800048828125,2298.0,2295.60009765625,2296.699951171875,8903,bearish
1778566320,2026-05-12 06:12:00+00:00,2296.199951171875,2297.199951171875,2295.60009765625,2296.89990234375,5311,bullish
1778566380,2026-05-12 06:13:00+00:00,2296.89990234375,2297.800048828125,2296.800048828125,2297.10009765625,4808,bullish
1778566440,2026-05-12 06:14:00+00:00,2297.0,2297.60009765625,2296.89990234375,2297.0,3817,doji
1778566500,2026-05-12 06:15:00+00:00,2297.39990234375,2297.60009765625,2296.699951171875,2296.89990234375,4159,bearish
1778566560,2026-05-12 06:16:00+00:00,2297.0,2298.300048828125,2296.89990234375,2298.10009765625,7742,bullish
1778566620,2026-05-12 06:17:00+00:00,2298.0,2298.39990234375,2298.0,2298.0,5212,doji
1778566680,2026-05-12 06:18:00+00:00,2298.199951171875,2298.39990234375,2297.0,2297.10009765625,9135,bearish
1778566740,2026-05-12 06:19:00+00:00,2297.10009765625,2298.0,2296.0,2297.800048828125,6583,bullish
1778566800,2026-05-12 06:20:00+00:00,2297.89990234375,2298.39990234375,2297.0,2297.10009765625,6876,bearish
1778566860,2026-05-12 06:21:00+00:00,2297.10009765625,2297.10009765625,2295.10009765625,2296.5,9906,bearish
1778566920,2026-05-12 06:22:00+00:00,2296.60009765625,2298.199951171875,2296.10009765625,2298.199951171875,7240,bullish
1778566980,2026-05-12 06:23:00+00:00,2298.300048828125,2298.89990234375,2297.39990234375,2298.699951171875,10884,bullish
1778567040,2026-05-12 06:24:00+00:00,2298.199951171875,2298.699951171875,2297.800048828125,2298.10009765625,6532,bearish
1778567100,2026-05-12 06:25:00+00:00,2297.89990234375,2298.5,2297.800048828125,2298.5,4761,bullish
1778567160,2026-05-12 06:26:00+00:00,2298.60009765625,2301.0,2298.5,2300.89990234375,17844,bullish
1778567220,2026-05-12 06:27:00+00:00,2300.89990234375,2302.0,2300.0,2301.60009765625,14846,bullish
1778567280,2026-05-12 06:28:00+00:00,2301.699951171875,2302.5,2300.89990234375,2301.199951171875,13739,bearish
1778567340,2026-05-12 06:29:00+00:00,2301.199951171875,2302.60009765625,2300.89990234375,2301.89990234375,34683,bullish
1778567400,2026-05-12 06:30:00+00:00,2301.89990234375,2302.0,2300.10009765625,2300.800048828125,14087,bearish
1778567460,2026-05-12 06:31:00+00:00,2300.39990234375,2300.60009765625,2298.10009765625,2298.10009765625,11912,bearish
1778567520,2026-05-12 06:32:00+00:00,2299.0,2299.39990234375,2294.800048828125,2294.800048828125,17248,bearish
1778567580,2026-05-12 06:33:00+00:00,2295.10009765625,2295.10009765625,2290.5,2290.5,31868,bearish
1778567640,2026-05-12 06:34:00+00:00,2291.10009765625,2291.10009765625,2287.10009765625,2288.39990234375,34447,bearish
1778567700,2026-05-12 06:35:00+00:00,2289.5,2292.0,2288.800048828125,2290.300048828125,10260,bullish
1778567760,2026-05-12 06:36:00+00:00,2290.300048828125,2291.0,2288.5,2288.5,17589,bearish
1778567820,2026-05-12 06:37:00+00:00,2289.800048828125,2290.800048828125,2288.800048828125,2288.800048828125,8012,bearish
1778567880,2026-05-12 06:38:00+00:00,2289.0,2289.0,2287.39990234375,2288.5,9066,bearish
1778567940,2026-05-12 06:39:00+00:00,2288.5,2289.5,2287.800048828125,2288.89990234375,6944,bullish
1778568000,2026-05-12 06:40:00+00:00,2288.89990234375,2289.0,2287.39990234375,2288.10009765625,10126,bearish
1778568060,2026-05-12 06:41:00+00:00,2288.60009765625,2288.60009765625,2287.39990234375,2287.5,6821,bearish
1778568120,2026-05-12 06:42:00+00:00,2288.0,2288.39990234375,2284.199951171875,2285.0,69986,bearish
1778568180,2026-05-12 06:43:00+00:00,2284.199951171875,2287.39990234375,2284.199951171875,2286.800048828125,15224,bullish
1778568240,2026-05-12 06:44:00+00:00,2287.10009765625,2287.39990234375,2285.199951171875,2286.10009765625,5333,bearish
1778568300,2026-05-12 06:45:00+00:00,2286.300048828125,2286.60009765625,2285.10009765625,2286.5,9884,bullish
1778568360,2026-05-12 06:46:00+00:00,2286.300048828125,2286.89990234375,2285.199951171875,2285.199951171875,17296,bearish
1778568420,2026-05-12 06:47:00+00:00,2286.300048828125,2287.699951171875,2285.699951171875,2287.300048828125,8060,bullish
1778568480,2026-05-12 06:48:00+00:00,2287.60009765625,2287.60009765625,2285.10009765625,2285.10009765625,8154,bearish
1778568540,2026-05-12 06:49:00+00:00,2285.60009765625,2286.0,2285.0,2286.0,8459,bullish
1778568600,2026-05-12 06:50:00+00:00,2285.89990234375,2285.89990234375,2283.10009765625,2284.300048828125,19948,bearish
1778568660,2026-05-12 06:51:00+00:00,2284.300048828125,2285.5,2283.800048828125,2285.300048828125,6360,bullish
1778568720,2026-05-12 06:52:00+00:00,2284.89990234375,2285.0,2283.10009765625,2284.39990234375,18440,bearish
1778568780,2026-05-12 06:53:00+00:00,2284.39990234375,2285.89990234375,2283.10009765625,2284.800048828125,23225,bullish
1778568840,2026-05-12 06:54:00+00:00,2285.0,2287.699951171875,2284.800048828125,2286.89990234375,13758,bullish
1778568900,2026-05-12 06:55:00+00:00,2286.89990234375,2288.39990234375,2286.10009765625,2287.89990234375,14621,bullish
1778568960,2026-05-12 06:56:00+00:00,2287.5,2290.0,2287.10009765625,2289.199951171875,14048,bullish
1778569020,2026-05-12 06:57:00+00:00,2289.60009765625,2291.0,2289.60009765625,2290.39990234375,11528,bullish
1778569080,2026-05-12 06:58:00+00:00,2291.0,2291.0,2288.699951171875,2289.699951171875,10539,bearish
1778569140,2026-05-12 06:59:00+00:00,2290.10009765625,2291.0,2289.300048828125,2290.699951171875,5069,bullish
1778569200,2026-05-12 07:00:00+00:00,2291.0,2291.300048828125,2290.0,2290.199951171875,7066,bearish
1778569260,2026-05-12 07:01:00+00:00,2290.5,2293.0,2290.0,2292.5,11027,bullish
1778569320,2026-05-12 07:02:00+00:00,2293.0,2295.800048828125,2293.0,2295.5,20878,bullish
1778569380,2026-05-12 07:03:00+00:00,2295.39990234375,2295.89990234375,2294.199951171875,2294.60009765625,10808,bearish
1778569440,2026-05-12 07:04:00+00:00,2294.89990234375,2295.60009765625,2294.199951171875,2295.60009765625,8175,bullish
1778569500,2026-05-12 07:05:00+00:00,2295.199951171875,2296.199951171875,2295.199951171875,2295.60009765625,7015,bullish
1778569560,2026-05-12 07:06:00+00:00,2295.60009765625,2296.0,2295.199951171875,2295.5,6671,bearish
1778569620,2026-05-12 07:07:00+00:00,2295.699951171875,2296.0,2294.89990234375,2296.0,6490,bullish
1778569680,2026-05-12 07:08:00+00:00,2296.300048828125,2296.60009765625,2296.0,2296.39990234375,7634,bullish
1778569740,2026-05-12 07:09:00+00:00,2296.39990234375,2296.60009765625,2295.39990234375,2296.0,4887,bearish
1778569800,2026-05-12 07:10:00+00:00,2296.60009765625,2297.0,2296.0,2296.699951171875,3369,bullish
1778569860,2026-05-12 07:11:00+00:00,2296.5,2297.5,2296.5,2297.5,7247,bullish
1778569920,2026-05-12 07:12:00+00:00,2297.0,2298.39990234375,2297.0,2297.5,12085,bullish
1778569980,2026-05-12 07:13:00+00:00,2298.0,2299.0,2297.199951171875,2298.699951171875,5316,bullish
1778570040,2026-05-12 07:14:00+00:00,2298.699951171875,2301.300048828125,2298.5,2300.199951171875,17538,bullish
1778570100,2026-05-12 07:15:00+00:00,2300.300048828125,2301.5,2300.0,2301.5,11298,bullish
1778570160,2026-05-12 07:16:00+00:00,2301.39990234375,2302.0,2300.0,2300.0,8155,bearish
1778570220,2026-05-12 07:17:00+00:00,2300.199951171875,2300.199951171875,2298.10009765625,2298.89990234375,10490,bearish
1778570280,2026-05-12 07:18:00+00:00,2298.89990234375,2299.199951171875,2298.0,2299.199951171875,8978,bullish
1778570340,2026-05-12 07:19:00+00:00,2300.0,2300.39990234375,2299.10009765625,2300.39990234375,7170,bullish
1778570400,2026-05-12 07:20:00+00:00,2300.5,2301.0,2299.10009765625,2299.699951171875,6268,bearish
1778570460,2026-05-12 07:21:00+00:00,2299.699951171875,2299.699951171875,2297.300048828125,2297.300048828125,14370,bearish
1778570520,2026-05-12 07:22:00+00:00,2297.800048828125,2299.0,2297.199951171875,2297.5,7487,bearish
1778570580,2026-05-12 07:23:00+00:00,2297.199951171875,2299.199951171875,2297.199951171875,2298.0,7687,bullish
1778570640,2026-05-12 07:24:00+00:00,2297.89990234375,2298.39990234375,2296.300048828125,2296.300048828125,12193,bearish
1778570700,2026-05-12 07:25:00+00:00,2297.300048828125,2299.300048828125,2297.0,2298.199951171875,7927,bullish
1778570760,2026-05-12 07:26:00+00:00,2298.199951171875,2298.89990234375,2296.60009765625,2297.5,5658,bearish
1778570820,2026-05-12 07:27:00+00:00,2297.5,2298.0,2296.800048828125,2297.199951171875,6296,bearish
1778570880,2026-05-12 07:28:00+00:00,2297.5,2298.60009765625,2297.0,2298.0,5455,bullish
1778570940,2026-05-12 07:29:00+00:00,2298.0,2298.5,2297.199951171875,2298.300048828125,6955,bullish
1778571000,2026-05-12 07:30:00+00:00,2298.60009765625,2298.60009765625,2297.10009765625,2297.10009765625,5661,bearish
1778571060,2026-05-12 07:31:00+00:00,2297.10009765625,2298.300048828125,2297.10009765625,2297.300048828125,8097,bullish
1778571120,2026-05-12 07:32:00+00:00,2297.300048828125,2298.60009765625,2296.60009765625,2298.10009765625,3968,bullish
1778571180,2026-05-12 07:33:00+00:00,2298.60009765625,2299.10009765625,2298.0,2298.5,6659,bearish
1778571240,2026-05-12 07:34:00+00:00,2299.10009765625,2299.10009765625,2298.0,2298.89990234375,9321,bearish
1778571300,2026-05-12 07:35:00+00:00,2299.0,2300.0,2298.800048828125,2299.89990234375,9691,bullish
1778571360,2026-05-12 07:36:00+00:00,2299.89990234375,2299.89990234375,2298.0,2299.0,14672,bearish
1778571420,2026-05-12 07:37:00+00:00,2299.0,2299.800048828125,2298.39990234375,2299.199951171875,6459,bullish
1778571480,2026-05-12 07:38:00+00:00,2299.199951171875,2300.0,2299.199951171875,2300.0,6533,bullish
1778571540,2026-05-12 07:39:00+00:00,2300.0,2300.0,2298.0,2298.199951171875,13171,bearish
1778571600,2026-05-12 07:40:00+00:00,2298.300048828125,2298.5,2297.0,2298.300048828125,15208,doji
1778571660,2026-05-12 07:41:00+00:00,2297.89990234375,2299.5,2297.800048828125,2298.5,8753,bullish
1778571720,2026-05-12 07:42:00+00:00,2298.5,2300.0,2298.39990234375,2300.0,8391,bullish
1778571780,2026-05-12 07:43:00+00:00,2300.0,2301.60009765625,2299.89990234375,2301.10009765625,19847,bullish
1778571840,2026-05-12 07:44:00+00:00,2301.10009765625,2304.0,2301.10009765625,2302.800048828125,15433,bullish
1778571900,2026-05-12 07:45:00+00:00,2303.89990234375,2304.0,2302.800048828125,2303.10009765625,8125,bearish
1778571960,2026-05-12 07:46:00+00:00,2303.10009765625,2304.0,2302.800048828125,2303.10009765625,23643,doji
1778572020,2026-05-12 07:47:00+00:00,2303.5,2303.89990234375,2303.0,2303.10009765625,7210,bearish
1778572080,2026-05-12 07:48:00+00:00,2303.10009765625,2303.60009765625,2302.800048828125,2303.199951171875,7862,bullish
1778572140,2026-05-12 07:49:00+00:00,2303.0,2303.0,2300.39990234375,2301.10009765625,22682,bearish
1778572200,2026-05-12 07:50:00+00:00,2301.5,2301.800048828125,2300.199951171875,2300.60009765625,7674,bearish
1778572260,2026-05-12 07:51:00+00:00,2301.0,2301.39990234375,2300.5,2300.89990234375,7013,bearish
1778572320,2026-05-12 07:52:00+00:00,2300.89990234375,2301.89990234375,2300.199951171875,2301.39990234375,6997,bullish
1778572380,2026-05-12 07:53:00+00:00,2301.10009765625,2303.0,2301.10009765625,2301.60009765625,7449,bullish
1778572440,2026-05-12 07:54:00+00:00,2301.60009765625,2302.89990234375,2300.60009765625,2300.89990234375,9097,bearish
1778572500,2026-05-12 07:55:00+00:00,2300.89990234375,2301.5,2300.0,2301.0,14524,bullish
1778572560,2026-05-12 07:56:00+00:00,2301.199951171875,2301.800048828125,2300.39990234375,2301.39990234375,13226,bullish
1778572620,2026-05-12 07:57:00+00:00,2301.60009765625,2301.800048828125,2300.5,2300.5,9256,bearish
1778572680,2026-05-12 07:58:00+00:00,2300.60009765625,2301.5,2300.39990234375,2300.60009765625,4464,doji
1778572740,2026-05-12 07:59:00+00:00,2300.5,2301.89990234375,2300.300048828125,2301.89990234375,5724,bullish
1778572800,2026-05-12 08:00:00+00:00,2301.89990234375,2302.39990234375,2301.199951171875,2302.39990234375,4481,bullish
1778572860,2026-05-12 08:01:00+00:00,2302.300048828125,2302.60009765625,2301.89990234375,2302.39990234375,7257,bullish
1778572920,2026-05-12 08:02:00+00:00,2302.60009765625,2303.0,2302.39990234375,2303.0,15822,bullish
1778572980,2026-05-12 08:03:00+00:00,2303.0,2303.0,2302.10009765625,2302.199951171875,10462,bearish
1778573040,2026-05-12 08:04:00+00:00,2302.60009765625,2302.699951171875,2301.0,2301.300048828125,8950,bearish
1778573100,2026-05-12 08:05:00+00:00,2301.300048828125,2301.60009765625,2300.10009765625,2300.60009765625,8252,bearish
1778573160,2026-05-12 08:06:00+00:00,2301.5,2301.5,2299.10009765625,2299.39990234375,11631,bearish
1778573220,2026-05-12 08:07:00+00:00,2299.300048828125,2299.5,2296.800048828125,2298.300048828125,22298,bearish
1778573280,2026-05-12 08:08:00+00:00,2299.0,2299.5,2297.199951171875,2297.89990234375,10016,bearish
1778573340,2026-05-12 08:09:00+00:00,2297.89990234375,2298.300048828125,2297.0,2297.300048828125,9195,bearish
1778573400,2026-05-12 08:10:00+00:00,2297.300048828125,2298.0,2296.5,2296.800048828125,13648,bearish
1778573460,2026-05-12 08:11:00+00:00,2296.800048828125,2299.800048828125,2295.800048828125,2299.5,12084,bullish
1778573520,2026-05-12 08:12:00+00:00,2299.300048828125,2299.5,2297.0,2297.800048828125,8324,bearish
1778573580,2026-05-12 08:13:00+00:00,2297.60009765625,2297.89990234375,2295.89990234375,2296.5,7169,bearish
1778573640,2026-05-12 08:14:00+00:00,2296.800048828125,2297.89990234375,2296.39990234375,2296.89990234375,5497,bullish
1778573700,2026-05-12 08:15:00+00:00,2296.89990234375,2297.699951171875,2295.0,2295.5,15575,bearish
1778573760,2026-05-12 08:16:00+00:00,2295.60009765625,2295.699951171875,2293.89990234375,2293.89990234375,14401,bearish
1778573820,2026-05-12 08:17:00+00:00,2293.89990234375,2298.0,2293.89990234375,2297.199951171875,18586,bullish
1778573880,2026-05-12 08:18:00+00:00,2297.10009765625,2297.10009765625,2296.0,2296.60009765625,13473,bearish
1778573940,2026-05-12 08:19:00+00:00,2296.60009765625,2296.89990234375,2296.10009765625,2296.800048828125,6612,bullish
1778574000,2026-05-12 08:20:00+00:00,2296.5,2299.10009765625,2296.5,2298.699951171875,10077,bullish
1778574060,2026-05-12 08:21:00+00:00,2298.699951171875,2299.699951171875,2298.199951171875,2298.699951171875,10533,doji
1778574120,2026-05-12 08:22:00+00:00,2299.199951171875,2299.60009765625,2298.199951171875,2299.0,3637,bearish
1778574180,2026-05-12 08:23:00+00:00,2299.199951171875,2299.89990234375,2299.0,2299.60009765625,5686,bullish
1778574240,2026-05-12 08:24:00+00:00,2299.89990234375,2301.0,2299.5,2300.10009765625,6327,bullish
1778574300,2026-05-12 08:25:00+00:00,2300.60009765625,2301.0,2300.0,2301.0,6783,bullish
1778574360,2026-05-12 08:26:00+00:00,2301.0,2301.0,2299.60009765625,2299.60009765625,6419,bearish
1778574420,2026-05-12 08:27:00+00:00,2299.60009765625,2299.60009765625,2297.10009765625,2297.10009765625,15126,bearish
1778574480,2026-05-12 08:28:00+00:00,2297.39990234375,2298.39990234375,2296.800048828125,2298.0,7928,bullish
1778574540,2026-05-12 08:29:00+00:00,2298.0,2298.39990234375,2296.60009765625,2297.10009765625,4895,bearish
1778574600,2026-05-12 08:30:00+00:00,2297.60009765625,2298.39990234375,2296.0,2297.800048828125,5786,bullish
1778574660,2026-05-12 08:31:00+00:00,2297.5,2298.39990234375,2296.0,2296.5,5108,bearish
1778574720,2026-05-12 08:32:00+00:00,2296.5,2298.199951171875,2296.0,2298.0,16136,bullish
1778574780,2026-05-12 08:33:00+00:00,2298.5,2299.10009765625,2296.0,2296.0,28206,bearish
1778574840,2026-05-12 08:34:00+00:00,2296.10009765625,2297.699951171875,2296.0,2297.0,4434,bullish
1778574900,2026-05-12 08:35:00+00:00,2297.199951171875,2299.0,2296.10009765625,2298.800048828125,12004,bullish
1778574960,2026-05-12 08:36:00+00:00,2298.800048828125,2299.89990234375,2297.699951171875,2298.699951171875,10947,bearish
1778575020,2026-05-12 08:37:00+00:00,2298.699951171875,2298.89990234375,2295.0,2295.5,10495,bearish
1778575080,2026-05-12 08:38:00+00:00,2295.5,2295.89990234375,2293.60009765625,2293.60009765625,11083,bearish
1778575140,2026-05-12 08:39:00+00:00,2293.60009765625,2295.0,2293.0,2294.199951171875,11376,bullish
1778575200,2026-05-12 08:40:00+00:00,2294.89990234375,2295.0,2293.0,2293.0,8923,bearish
1778575260,2026-05-12 08:41:00+00:00,2293.800048828125,2294.5,2293.0,2294.0,10209,bullish
1778575320,2026-05-12 08:42:00+00:00,2294.0,2294.0,2292.5,2293.10009765625,13232,bearish
1778575380,2026-05-12 08:43:00+00:00,2294.0,2295.0,2293.5,2294.89990234375,7882,bullish
1778575440,2026-05-12 08:44:00+00:00,2294.89990234375,2295.0,2293.800048828125,2294.199951171875,8446,bearish
1778575500,2026-05-12 08:45:00+00:00,2294.60009765625,2296.10009765625,2293.60009765625,2295.39990234375,13161,bullish
1778575560,2026-05-12 08:46:00+00:00,2295.800048828125,2299.0,2295.800048828125,2299.0,9707,bullish
1778575620,2026-05-12 08:47:00+00:00,2299.0,2299.0,2297.5,2299.0,9916,doji
1778575680,2026-05-12 08:48:00+00:00,2299.0,2299.0,2297.800048828125,2298.699951171875,8662,bearish
1778575740,2026-05-12 08:49:00+00:00,2298.699951171875,2299.0,2298.0,2299.0,7163,bullish
1778575800,2026-05-12 08:50:00+00:00,2299.0,2300.0,2298.300048828125,2299.300048828125,13854,bullish
1778575860,2026-05-12 08:51:00+00:00,2299.89990234375,2300.39990234375,2299.199951171875,2300.0,7250,bullish
1778575920,2026-05-12 08:52:00+00:00,2300.5,2301.5,2300.199951171875,2301.300048828125,12329,bullish
1778575980,2026-05-12 08:53:00+00:00,2301.300048828125,2301.300048828125,2300.0,2301.0,11042,bearish
1778576040,2026-05-12 08:54:00+00:00,2301.0,2302.199951171875,2300.60009765625,2302.199951171875,10039,bullish
1778576100,2026-05-12 08:55:00+00:00,2302.0,2302.199951171875,2300.0,2300.0,11130,bearish
1778576160,2026-05-12 08:56:00+00:00,2299.39990234375,2300.39990234375,2298.800048828125,2300.199951171875,18479,bullish
1778576220,2026-05-12 08:57:00+00:00,2300.199951171875,2301.0,2298.699951171875,2299.89990234375,22661,bearish
1778576280,2026-05-12 08:58:00+00:00,2300.0,2300.5,2299.10009765625,2300.0,7260,doji
1778576340,2026-05-12 08:59:00+00:00,2299.199951171875,2300.5,2298.5,2299.699951171875,6674,bullish
1778576400,2026-05-12 09:00:00+00:00,2299.699951171875,2299.800048828125,2298.300048828125,2299.300048828125,6010,bearish
1778576460,2026-05-12 09:01:00+00:00,2299.5,2299.60009765625,2298.10009765625,2299.39990234375,7389,bearish
1778576520,2026-05-12 09:02:00+00:00,2299.699951171875,2299.800048828125,2298.10009765625,2298.60009765625,6488,bearish
1778576580,2026-05-12 09:03:00+00:00,2298.699951171875,2299.60009765625,2297.10009765625,2297.10009765625,10129,bearish
1778576640,2026-05-12 09:04:00+00:00,2297.10009765625,2297.60009765625,2295.800048828125,2296.0,12298,bearish
1778576700,2026-05-12 09:05:00+00:00,2296.699951171875,2298.10009765625,2296.0,2297.699951171875,13217,bullish
1778576760,2026-05-12 09:06:00+00:00,2297.699951171875,2299.0,2297.300048828125,2298.89990234375,9508,bullish
1778576820,2026-05-12 09:07:00+00:00,2298.89990234375,2298.89990234375,2297.0,2297.89990234375,9465,bearish
1778576880,2026-05-12 09:08:00+00:00,2298.0,2299.10009765625,2297.10009765625,2298.5,13320,bullish
1778576940,2026-05-12 09:09:00+00:00,2298.10009765625,2298.89990234375,2297.199951171875,2298.39990234375,11427,bullish
1778577000,2026-05-12 09:10:00+00:00,2298.0,2298.800048828125,2296.699951171875,2298.199951171875,15830,bullish
1778577060,2026-05-12 09:11:00+00:00,2298.199951171875,2298.300048828125,2297.199951171875,2297.699951171875,13801,bearish
1778577120,2026-05-12 09:12:00+00:00,2297.699951171875,2298.60009765625,2297.0,2297.5,9469,bearish
1778577180,2026-05-12 09:13:00+00:00,2297.5,2298.300048828125,2297.300048828125,2297.699951171875,15072,bullish
1778577240,2026-05-12 09:14:00+00:00,2297.60009765625,2298.0,2297.300048828125,2297.5,8313,bearish
1778577300,2026-05-12 09:15:00+00:00,2297.800048828125,2298.39990234375,2296.699951171875,2297.39990234375,14143,bearish
1778577360,2026-05-12 09:16:00+00:00,2297.5,2299.0,2297.5,2298.0,17957,bullish
1778577420,2026-05-12 09:17:00+00:00,2298.0,2299.0,2297.39990234375,2298.89990234375,14353,bullish
1778577480,2026-05-12 09:18:00+00:00,2298.89990234375,2299.0,2298.199951171875,2299.0,13574,bullish
1778577540,2026-05-12 09:19:00+00:00,2299.0,2300.5,2298.39990234375,2298.39990234375,28455,bearish
1778577600,2026-05-12 09:20:00+00:00,2298.5,2299.0,2297.199951171875,2298.39990234375,17345,bearish
1778577660,2026-05-12 09:21:00+00:00,2298.39990234375,2299.39990234375,2297.89990234375,2298.89990234375,11132,bullish
1778577720,2026-05-12 09:22:00+00:00,2299.199951171875,2300.5,2298.89990234375,2300.5,12199,bullish
1778577780,2026-05-12 09:23:00+00:00,2300.60009765625,2300.89990234375,2299.699951171875,2300.0,10640,bearish
1778577840,2026-05-12 09:24:00+00:00,2300.0,2300.10009765625,2298.89990234375,2299.300048828125,10749,bearish
1778577900,2026-05-12 09:25:00+00:00,2299.800048828125,2299.800048828125,2297.300048828125,2298.5,24806,bearish
1778577960,2026-05-12 09:26:00+00:00,2299.5,2299.60009765625,2297.60009765625,2298.0,17695,bearish
1778578020,2026-05-12 09:27:00+00:00,2298.0,2299.199951171875,2297.60009765625,2298.800048828125,16422,bullish
1778578080,2026-05-12 09:28:00+00:00,2298.800048828125,2299.10009765625,2297.10009765625,2298.60009765625,19806,bearish
1778578140,2026-05-12 09:29:00+00:00,2299.0,2299.60009765625,2298.10009765625,2299.5,14637,bullish
1778578200,2026-05-12 09:30:00+00:00,2300.10009765625,2300.300048828125,2297.699951171875,2297.800048828125,27986,bearish
1778578260,2026-05-12 09:31:00+00:00,2298.0,2298.5,2297.5,2298.199951171875,13621,bullish
1778578320,2026-05-12 09:32:00+00:00,2298.0,2298.0,2296.60009765625,2297.5,25748,bearish
1778578380,2026-05-12 09:33:00+00:00,2297.300048828125,2297.5,2295.39990234375,2295.89990234375,45990,bearish
1778578440,2026-05-12 09:34:00+00:00,2296.10009765625,2299.800048828125,2295.5,2299.800048828125,73730,bullish
1778578500,2026-05-12 09:35:00+00:00,2299.89990234375,2300.10009765625,2299.39990234375,2299.800048828125,63984,bearish
1778578560,2026-05-12 09:36:00+00:00,2299.89990234375,2300.39990234375,2297.39990234375,2297.60009765625,74803,bearish
1778578620,2026-05-12 09:37:00+00:00,2298.5,2298.699951171875,2297.60009765625,2298.5,25418,doji
1778578680,2026-05-12 09:38:00+00:00,2298.60009765625,2299.89990234375,2298.5,2299.60009765625,21440,bullish
1778578740,2026-05-12 09:39:00+00:00,2299.699951171875,2300.89990234375,2299.699951171875,2300.800048828125,18909,bullish
1778578800,2026-05-12 09:40:00+00:00,2300.300048828125,2301.89990234375,2299.39990234375,2299.89990234375,53778,bearish
1778578860,2026-05-12 09:41:00+00:00,2300.0,2302.0,2299.89990234375,2300.800048828125,65261,bullish
1778578920,2026-05-12 09:42:00+00:00,2300.800048828125,2301.0,2299.89990234375,2300.0,32249,bearish
1778578980,2026-05-12 09:43:00+00:00,2300.0,2300.0,2298.800048828125,2298.89990234375,36285,bearish
1778579040,2026-05-12 09:44:00+00:00,2298.800048828125,2300.0,2298.800048828125,2299.0,33959,bullish
1778579100,2026-05-12 09:45:00+00:00,2299.0,2299.0,2298.699951171875,2298.800048828125,43494,bearish
1778579160,2026-05-12 09:46:00+00:00,2298.89990234375,2299.800048828125,2297.39990234375,2299.699951171875,56792,bullish
1778579220,2026-05-12 09:47:00+00:00,2299.800048828125,2303.0,2299.800048828125,2301.800048828125,39473,bullish
1778579280,2026-05-12 09:48:00+00:00,2301.800048828125,2302.89990234375,2301.60009765625,2302.89990234375,21843,bullish
1778579340,2026-05-12 09:49:00+00:00,2302.89990234375,2304.0,2302.89990234375,2304.0,26252,bullish
1778579400,2026-05-12 09:50:00+00:00,2304.5,2305.199951171875,2304.5,2305.199951171875,29600,bullish
1778579460,2026-05-12 09:51:00+00:00,2305.199951171875,2305.199951171875,2304.0,2304.699951171875,35242,bearish
1778579520,2026-05-12 09:52:00+00:00,2304.699951171875,2304.699951171875,2303.0,2303.0,22956,bearish
1778579580,2026-05-12 09:53:00+00:00,2303.300048828125,2303.300048828125,2302.10009765625,2302.60009765625,25048,bearish
1778579640,2026-05-12 09:54:00+00:00,2303.300048828125,2303.300048828125,2302.300048828125,2302.39990234375,25676,bearish
1778579700,2026-05-12 09:55:00+00:00,2302.699951171875,2302.699951171875,2301.39990234375,2301.5,26462,bearish
1778579760,2026-05-12 09:56:00+00:00,2302.5,2303.0,2302.0,2302.89990234375,13345,bullish
1778579820,2026-05-12 09:57:00+00:00,2302.89990234375,2304.39990234375,2302.89990234375,2303.89990234375,17962,bullish
1778579880,2026-05-12 09:58:00+00:00,2303.89990234375,2303.89990234375,2302.800048828125,2302.800048828125,14564,bearish
1778579940,2026-05-12 09:59:00+00:00,2303.0,2304.0,2302.89990234375,2303.0,12176,doji
1778643900,2026-05-13 03:45:00+00:00,2309.199951171875,2309.199951171875,2295.10009765625,2301.10009765625,0,bearish
1778643960,2026-05-13 03:46:00+00:00,2301.300048828125,2303.60009765625,2292.800048828125,2293.39990234375,41447,bearish
1778644020,2026-05-13 03:47:00+00:00,2295.300048828125,2301.60009765625,2295.0,2300.10009765625,21916,bullish
1778644080,2026-05-13 03:48:00+00:00,2300.10009765625,2303.0,2299.800048828125,2303.0,20634,bullish
1778644140,2026-05-13 03:49:00+00:00,2302.89990234375,2304.0,2302.60009765625,2303.300048828125,14565,bullish
1778644200,2026-05-13 03:50:00+00:00,2303.199951171875,2306.5,2303.199951171875,2306.5,12845,bullish
1778644260,2026-05-13 03:51:00+00:00,2306.300048828125,2306.300048828125,2303.60009765625,2304.10009765625,10433,bearish
1778644320,2026-05-13 03:52:00+00:00,2303.699951171875,2305.60009765625,2301.800048828125,2303.699951171875,8439,doji
1778644380,2026-05-13 03:53:00+00:00,2303.39990234375,2306.800048828125,2303.300048828125,2306.199951171875,16372,bullish
1778644440,2026-05-13 03:54:00+00:00,2306.10009765625,2307.300048828125,2305.0,2305.0,13575,bearish
1778644500,2026-05-13 03:55:00+00:00,2303.39990234375,2303.39990234375,2298.39990234375,2300.39990234375,18183,bearish
1778644560,2026-05-13 03:56:00+00:00,2300.800048828125,2303.39990234375,2300.800048828125,2302.300048828125,10874,bullish
1778644620,2026-05-13 03:57:00+00:00,2301.10009765625,2306.0,2301.10009765625,2306.0,8986,bullish
1778644680,2026-05-13 03:58:00+00:00,2305.10009765625,2305.10009765625,2302.800048828125,2302.800048828125,9373,bearish
1778644740,2026-05-13 03:59:00+00:00,2303.0,2303.39990234375,2298.699951171875,2298.699951171875,14868,bearish
1778644800,2026-05-13 04:00:00+00:00,2298.39990234375,2300.699951171875,2297.10009765625,2300.699951171875,9052,bullish
1778644860,2026-05-13 04:01:00+00:00,2301.0,2301.0,2298.5,2300.0,9928,bearish
1778644920,2026-05-13 04:02:00+00:00,2299.60009765625,2300.0,2298.5,2299.39990234375,4204,bearish
1778644980,2026-05-13 04:03:00+00:00,2299.300048828125,2299.699951171875,2298.60009765625,2298.89990234375,7907,bearish
1778645040,2026-05-13 04:04:00+00:00,2298.800048828125,2298.800048828125,2297.10009765625,2297.5,7732,bearish
1778645100,2026-05-13 04:05:00+00:00,2296.39990234375,2300.0,2295.199951171875,2300.0,18840,bullish
1778645160,2026-05-13 04:06:00+00:00,2300.0,2301.0,2298.0,2299.699951171875,7481,bearish
1778645220,2026-05-13 04:07:00+00:00,2299.699951171875,2300.89990234375,2299.10009765625,2299.800048828125,6798,bullish
1778645280,2026-05-13 04:08:00+00:00,2299.300048828125,2300.199951171875,2298.10009765625,2298.10009765625,8584,bearish
1778645340,2026-05-13 04:09:00+00:00,2299.60009765625,2299.60009765625,2291.0,2291.5,16945,bearish
1778645400,2026-05-13 04:10:00+00:00,2290.60009765625,2293.699951171875,2288.699951171875,2289.89990234375,13391,bearish
1778645460,2026-05-13 04:11:00+00:00,2289.10009765625,2290.699951171875,2289.10009765625,2290.5,7959,bullish
1778645520,2026-05-13 04:12:00+00:00,2290.199951171875,2292.699951171875,2290.0,2292.0,7676,bullish
1778645580,2026-05-13 04:13:00+00:00,2292.0,2294.10009765625,2291.5,2292.10009765625,21698,bullish
1778645640,2026-05-13 04:14:00+00:00,2292.10009765625,2295.0,2292.0,2293.0,6733,bullish
1778645700,2026-05-13 04:15:00+00:00,2293.0,2295.5,2292.199951171875,2295.5,3988,bullish
1778645760,2026-05-13 04:16:00+00:00,2295.60009765625,2296.60009765625,2295.0,2296.5,7355,bullish
1778645820,2026-05-13 04:17:00+00:00,2296.0,2296.0,2290.39990234375,2291.800048828125,8324,bearish
1778645880,2026-05-13 04:18:00+00:00,2290.199951171875,2291.5,2288.0,2289.0,7285,bearish
1778645940,2026-05-13 04:19:00+00:00,2288.5,2290.5,2288.5,2289.39990234375,6076,bullish
1778646000,2026-05-13 04:20:00+00:00,2289.10009765625,2291.800048828125,2289.10009765625,2291.300048828125,6531,bullish
1778646060,2026-05-13 04:21:00+00:00,2291.300048828125,2294.89990234375,2290.89990234375,2294.89990234375,6017,bullish
1778646120,2026-05-13 04:22:00+00:00,2294.89990234375,2296.0,2293.199951171875,2293.199951171875,8147,bearish
1778646180,2026-05-13 04:23:00+00:00,2294.0,2296.10009765625,2293.89990234375,2295.60009765625,4758,bullish
1778646240,2026-05-13 04:24:00+00:00,2295.300048828125,2295.5,2293.10009765625,2294.800048828125,9123,bearish
1778646300,2026-05-13 04:25:00+00:00,2294.60009765625,2296.60009765625,2293.300048828125,2294.300048828125,9080,bearish
1778646360,2026-05-13 04:26:00+00:00,2294.89990234375,2296.800048828125,2293.0,2294.0,5158,bearish
1778646420,2026-05-13 04:27:00+00:00,2293.199951171875,2295.0,2292.5,2292.800048828125,4849,bearish
1778646480,2026-05-13 04:28:00+00:00,2292.800048828125,2294.60009765625,2292.0,2293.300048828125,5924,bullish
1778646540,2026-05-13 04:29:00+00:00,2293.699951171875,2294.5,2292.39990234375,2293.60009765625,3582,bearish
1778646600,2026-05-13 04:30:00+00:00,2293.199951171875,2293.39990234375,2290.699951171875,2291.60009765625,7042,bearish
1778646660,2026-05-13 04:31:00+00:00,2292.10009765625,2294.5,2291.800048828125,2294.5,5689,bullish
1778646720,2026-05-13 04:32:00+00:00,2294.0,2294.699951171875,2293.0,2293.0,3685,bearish
1778646780,2026-05-13 04:33:00+00:00,2291.199951171875,2293.0,2291.199951171875,2292.5,5397,bullish
1778646840,2026-05-13 04:34:00+00:00,2292.300048828125,2294.89990234375,2292.199951171875,2294.800048828125,5767,bullish
1778646900,2026-05-13 04:35:00+00:00,2294.5,2298.0,2294.5,2296.5,5055,bullish
1778646960,2026-05-13 04:36:00+00:00,2296.5,2297.39990234375,2295.699951171875,2295.699951171875,5226,bearish
1778647020,2026-05-13 04:37:00+00:00,2295.699951171875,2298.0,2295.699951171875,2296.800048828125,3578,bullish
1778647080,2026-05-13 04:38:00+00:00,2296.800048828125,2297.0,2294.60009765625,2294.60009765625,4589,bearish
1778647140,2026-05-13 04:39:00+00:00,2294.5,2296.0,2294.10009765625,2296.0,3187,bullish
1778647200,2026-05-13 04:40:00+00:00,2296.0,2296.0,2294.39990234375,2294.39990234375,3951,bearish
1778647260,2026-05-13 04:41:00+00:00,2294.300048828125,2295.0,2292.89990234375,2293.800048828125,5027,bearish
1778647320,2026-05-13 04:42:00+00:00,2293.800048828125,2294.199951171875,2292.10009765625,2294.0,6512,bullish
1778647380,2026-05-13 04:43:00+00:00,2293.5,2295.0,2293.10009765625,2295.0,3194,bullish
1778647440,2026-05-13 04:44:00+00:00,2294.60009765625,2296.39990234375,2294.60009765625,2295.800048828125,4809,bullish
1778647500,2026-05-13 04:45:00+00:00,2296.10009765625,2296.800048828125,2293.60009765625,2294.60009765625,7277,bearish
1778647560,2026-05-13 04:46:00+00:00,2294.0,2296.5,2294.0,2296.0,4170,bullish
1778647620,2026-05-13 04:47:00+00:00,2296.0,2296.60009765625,2295.199951171875,2295.800048828125,3837,bearish
1778647680,2026-05-13 04:48:00+00:00,2296.0,2296.699951171875,2296.0,2296.699951171875,3799,bullish
1778647740,2026-05-13 04:49:00+00:00,2295.5,2297.0,2294.0,2296.800048828125,10493,bullish
1778647800,2026-05-13 04:50:00+00:00,2296.699951171875,2298.10009765625,2296.10009765625,2297.300048828125,3889,bullish
1778647860,2026-05-13 04:51:00+00:00,2297.39990234375,2298.800048828125,2296.10009765625,2296.5,10705,bearish
1778647920,2026-05-13 04:52:00+00:00,2296.60009765625,2297.5,2296.10009765625,2296.39990234375,4077,bearish
1778647980,2026-05-13 04:53:00+00:00,2296.300048828125,2297.0,2295.89990234375,2296.5,5015,bullish
1778648040,2026-05-13 04:54:00+00:00,2296.60009765625,2297.300048828125,2296.5,2297.199951171875,3372,bullish
1778648100,2026-05-13 04:55:00+00:00,2297.60009765625,2299.199951171875,2296.699951171875,2296.699951171875,5193,bearish
1778648160,2026-05-13 04:56:00+00:00,2296.800048828125,2297.699951171875,2296.5,2297.39990234375,4618,bullish
1778648220,2026-05-13 04:57:00+00:00,2297.39990234375,2298.800048828125,2296.0,2298.10009765625,5540,bullish
1778648280,2026-05-13 04:58:00+00:00,2298.60009765625,2298.800048828125,2295.0,2295.800048828125,7369,bearish
1778648340,2026-05-13 04:59:00+00:00,2295.60009765625,2295.60009765625,2290.800048828125,2291.0,28660,bearish
1778648400,2026-05-13 05:00:00+00:00,2291.0,2293.39990234375,2290.60009765625,2292.89990234375,11307,bullish
1778648460,2026-05-13 05:01:00+00:00,2292.5,2294.699951171875,2292.5,2294.699951171875,8104,bullish
1778648520,2026-05-13 05:02:00+00:00,2294.699951171875,2294.699951171875,2292.0,2292.300048828125,4427,bearish
1778648580,2026-05-13 05:03:00+00:00,2292.300048828125,2292.60009765625,2291.0,2291.60009765625,4993,bearish
1778648640,2026-05-13 05:04:00+00:00,2292.300048828125,2297.10009765625,2291.5,2296.0,6473,bullish
1778648700,2026-05-13 05:05:00+00:00,2296.10009765625,2296.300048828125,2294.5,2295.39990234375,4222,bearish
1778648760,2026-05-13 05:06:00+00:00,2295.300048828125,2295.5,2293.10009765625,2294.0,4567,bearish
1778648820,2026-05-13 05:07:00+00:00,2293.699951171875,2293.89990234375,2291.10009765625,2292.199951171875,5456,bearish
1778648880,2026-05-13 05:08:00+00:00,2292.0,2292.60009765625,2290.60009765625,2290.60009765625,6093,bearish
1778648940,2026-05-13 05:09:00+00:00,2290.699951171875,2290.89990234375,2286.300048828125,2288.10009765625,44921,bearish
1778649000,2026-05-13 05:10:00+00:00,2288.39990234375,2288.39990234375,2286.800048828125,2288.39990234375,9982,doji
1778649060,2026-05-13 05:11:00+00:00,2288.60009765625,2289.199951171875,2288.0,2288.5,8953,bearish
1778649120,2026-05-13 05:12:00+00:00,2288.89990234375,2289.5,2288.5,2289.5,3441,bullish
1778649180,2026-05-13 05:13:00+00:00,2289.5,2289.800048828125,2289.10009765625,2289.800048828125,3541,bullish
1778649240,2026-05-13 05:14:00+00:00,2290.0,2291.800048828125,2290.0,2291.5,3224,bullish
1778649300,2026-05-13 05:15:00+00:00,2291.39990234375,2292.300048828125,2291.39990234375,2292.199951171875,2861,bullish
1778649360,2026-05-13 05:16:00+00:00,2292.10009765625,2292.5,2292.10009765625,2292.5,3377,bullish
1778649420,2026-05-13 05:17:00+00:00,2292.89990234375,2293.60009765625,2292.0,2292.5,3519,bearish
1778649480,2026-05-13 05:18:00+00:00,2292.60009765625,2293.5,2292.60009765625,2293.5,2991,bullish
1778649540,2026-05-13 05:19:00+00:00,2293.5,2293.699951171875,2291.89990234375,2291.89990234375,5076,bearish
1778649600,2026-05-13 05:20:00+00:00,2291.89990234375,2293.800048828125,2291.89990234375,2293.39990234375,3850,bullish
1778649660,2026-05-13 05:21:00+00:00,2293.60009765625,2294.60009765625,2293.60009765625,2294.10009765625,2917,bullish
1778649720,2026-05-13 05:22:00+00:00,2294.10009765625,2295.800048828125,2294.0,2295.800048828125,6103,bullish
1778649780,2026-05-13 05:23:00+00:00,2296.39990234375,2296.39990234375,2293.60009765625,2294.10009765625,6988,bearish
1778649840,2026-05-13 05:24:00+00:00,2294.300048828125,2294.300048828125,2293.300048828125,2293.800048828125,2698,bearish
1778649900,2026-05-13 05:25:00+00:00,2293.89990234375,2294.39990234375,2290.300048828125,2290.300048828125,7949,bearish
1778649960,2026-05-13 05:26:00+00:00,2291.800048828125,2293.0,2291.800048828125,2292.800048828125,3752,bullish
1778650020,2026-05-13 05:27:00+00:00,2292.800048828125,2292.800048828125,2291.199951171875,2291.300048828125,3865,bearish
1778650080,2026-05-13 05:28:00+00:00,2291.39990234375,2291.39990234375,2288.5,2288.60009765625,10081,bearish
1778650140,2026-05-13 05:29:00+00:00,2287.300048828125,2287.5,2286.5,2286.5,9965,bearish
1778650200,2026-05-13 05:30:00+00:00,2287.0,2288.0,2286.60009765625,2288.0,3495,bullish
1778650260,2026-05-13 05:31:00+00:00,2288.5,2288.60009765625,2287.699951171875,2288.300048828125,3872,bearish
1778650320,2026-05-13 05:32:00+00:00,2288.10009765625,2288.89990234375,2286.5,2288.89990234375,4954,bullish
1778650380,2026-05-13 05:33:00+00:00,2288.60009765625,2290.800048828125,2288.300048828125,2288.300048828125,10791,bearish
1778650440,2026-05-13 05:34:00+00:00,2288.300048828125,2289.60009765625,2287.0,2287.199951171875,4533,bearish
1778650500,2026-05-13 05:35:00+00:00,2287.60009765625,2287.89990234375,2287.199951171875,2287.800048828125,2042,bullish
1778650560,2026-05-13 05:36:00+00:00,2287.89990234375,2288.800048828125,2287.60009765625,2288.10009765625,5392,bullish
1778650620,2026-05-13 05:37:00+00:00,2287.0,2288.0,2286.5,2287.199951171875,4023,bullish
1778650680,2026-05-13 05:38:00+00:00,2286.5,2287.39990234375,2286.300048828125,2286.699951171875,4166,bullish
1778650740,2026-05-13 05:39:00+00:00,2286.699951171875,2288.0,2286.5,2287.39990234375,2593,bullish
1778650800,2026-05-13 05:40:00+00:00,2287.199951171875,2288.10009765625,2286.5,2288.10009765625,3719,bullish
1778650860,2026-05-13 05:41:00+00:00,2288.5,2288.699951171875,2288.0,2288.10009765625,3487,bearish
1778650920,2026-05-13 05:42:00+00:00,2288.199951171875,2288.199951171875,2286.0,2286.699951171875,15297,bearish
1778650980,2026-05-13 05:43:00+00:00,2285.800048828125,2287.0,2285.10009765625,2286.5,7175,bullish
1778651040,2026-05-13 05:44:00+00:00,2286.5,2287.300048828125,2285.5,2286.89990234375,3859,bullish
1778651100,2026-05-13 05:45:00+00:00,2286.699951171875,2289.89990234375,2286.699951171875,2289.699951171875,6609,bullish
1778651160,2026-05-13 05:46:00+00:00,2289.699951171875,2290.0,2289.0,2289.699951171875,4131,doji
1778651220,2026-05-13 05:47:00+00:00,2290.0,2290.0,2288.300048828125,2290.0,2681,doji
1778651280,2026-05-13 05:48:00+00:00,2288.699951171875,2290.0,2288.0,2289.89990234375,2786,bullish
1778651340,2026-05-13 05:49:00+00:00,2289.699951171875,2289.89990234375,2289.0,2289.39990234375,2085,bearish
1778651400,2026-05-13 05:50:00+00:00,2289.300048828125,2290.300048828125,2289.300048828125,2289.60009765625,2100,bullish
1778651460,2026-05-13 05:51:00+00:00,2289.5,2289.800048828125,2288.89990234375,2288.89990234375,2942,bearish
1778651520,2026-05-13 05:52:00+00:00,2289.89990234375,2290.800048828125,2289.300048828125,2289.89990234375,2574,doji
1778651580,2026-05-13 05:53:00+00:00,2289.89990234375,2290.0,2289.5,2290.0,1812,bullish
1778651640,2026-05-13 05:54:00+00:00,2290.0,2291.800048828125,2289.89990234375,2291.199951171875,4447,bullish
1778651700,2026-05-13 05:55:00+00:00,2291.300048828125,2291.699951171875,2290.5,2291.0,3811,bearish
1778651760,2026-05-13 05:56:00+00:00,2291.199951171875,2291.300048828125,2289.0,2289.0,3120,bearish
1778651820,2026-05-13 05:57:00+00:00,2289.5,2290.699951171875,2288.800048828125,2290.60009765625,6969,bullish
1778651880,2026-05-13 05:58:00+00:00,2290.5,2291.5,2287.800048828125,2289.699951171875,16020,bearish
1778651940,2026-05-13 05:59:00+00:00,2289.300048828125,2290.39990234375,2288.199951171875,2289.60009765625,10468,bullish
1778652000,2026-05-13 06:00:00+00:00,2289.5,2291.10009765625,2289.199951171875,2290.39990234375,7223,bullish
1778652060,2026-05-13 06:01:00+00:00,2290.5,2293.0,2290.300048828125,2293.0,3165,bullish
1778652120,2026-05-13 06:02:00+00:00,2292.89990234375,2293.39990234375,2290.89990234375,2292.0,5506,bearish
1778652180,2026-05-13 06:03:00+00:00,2291.699951171875,2292.0,2290.300048828125,2291.5,4587,bearish
1778652240,2026-05-13 06:04:00+00:00,2291.89990234375,2293.60009765625,2291.800048828125,2292.39990234375,6639,bullish
1778652300,2026-05-13 06:05:00+00:00,2292.39990234375,2293.39990234375,2291.300048828125,2292.10009765625,10314,bearish
1778652360,2026-05-13 06:06:00+00:00,2292.10009765625,2295.0,2292.10009765625,2295.0,8228,bullish
1778652420,2026-05-13 06:07:00+00:00,2294.800048828125,2296.0,2294.0,2294.60009765625,5159,bearish
1778652480,2026-05-13 06:08:00+00:00,2295.0,2295.89990234375,2294.199951171875,2295.699951171875,3037,bullish
1778652540,2026-05-13 06:09:00+00:00,2295.39990234375,2295.60009765625,2294.0,2294.300048828125,2149,bearish
1778652600,2026-05-13 06:10:00+00:00,2294.39990234375,2294.39990234375,2292.5,2293.199951171875,4737,bearish
1778652660,2026-05-13 06:11:00+00:00,2293.199951171875,2294.0,2293.10009765625,2293.199951171875,3992,doji
1778652720,2026-05-13 06:12:00+00:00,2293.39990234375,2294.199951171875,2293.10009765625,2293.5,4486,bullish
1778652780,2026-05-13 06:13:00+00:00,2293.5,2293.60009765625,2290.800048828125,2292.0,5523,bearish
1778652840,2026-05-13 06:14:00+00:00,2291.800048828125,2294.300048828125,2291.60009765625,2293.199951171875,6513,bullish
1778652900,2026-05-13 06:15:00+00:00,2293.199951171875,2293.199951171875,2291.0,2291.800048828125,5177,bearish
1778652960,2026-05-13 06:16:00+00:00,2291.10009765625,2291.800048828125,2291.10009765625,2291.39990234375,2073,bullish
1778653020,2026-05-13 06:17:00+00:00,2291.699951171875,2291.699951171875,2290.699951171875,2290.699951171875,3063,bearish
1778653080,2026-05-13 06:18:00+00:00,2288.0,2289.89990234375,2288.0,2289.5,31602,bullish
1778653140,2026-05-13 06:19:00+00:00,2289.10009765625,2289.199951171875,2287.39990234375,2287.699951171875,7654,bearish
1778653200,2026-05-13 06:20:00+00:00,2287.60009765625,2289.800048828125,2287.60009765625,2289.39990234375,17824,bullish
1778653260,2026-05-13 06:21:00+00:00,2288.699951171875,2289.10009765625,2288.10009765625,2288.60009765625,10045,bearish
1778653320,2026-05-13 06:22:00+00:00,2288.60009765625,2289.300048828125,2288.39990234375,2288.39990234375,4313,bearish
1778653380,2026-05-13 06:23:00+00:00,2288.60009765625,2288.800048828125,2285.300048828125,2285.89990234375,15087,bearish
1778653440,2026-05-13 06:24:00+00:00,2285.699951171875,2286.89990234375,2285.300048828125,2286.199951171875,7636,bullish
1778653500,2026-05-13 06:25:00+00:00,2285.60009765625,2286.5,2285.60009765625,2286.0,3341,bullish
1778653560,2026-05-13 06:26:00+00:00,2285.89990234375,2286.0,2283.5,2285.60009765625,26326,bearish
1778653620,2026-05-13 06:27:00+00:00,2285.60009765625,2285.800048828125,2284.5,2284.60009765625,6156,bearish
1778653680,2026-05-13 06:28:00+00:00,2284.5,2285.5,2283.39990234375,2284.10009765625,9883,bearish
1778653740,2026-05-13 06:29:00+00:00,2284.10009765625,2284.10009765625,2281.300048828125,2281.60009765625,16646,bearish
1778653800,2026-05-13 06:30:00+00:00,2281.60009765625,2282.0,2280.60009765625,2281.199951171875,5995,bearish
1778653860,2026-05-13 06:31:00+00:00,2281.199951171875,2281.199951171875,2280.10009765625,2280.10009765625,9164,bearish
1778653920,2026-05-13 06:32:00+00:00,2280.0,2283.300048828125,2277.60009765625,2283.0,48255,bullish
1778653980,2026-05-13 06:33:00+00:00,2283.10009765625,2285.0,2282.89990234375,2285.0,9598,bullish
1778654040,2026-05-13 06:34:00+00:00,2285.0,2285.0,2284.60009765625,2285.0,5069,doji
1778654100,2026-05-13 06:35:00+00:00,2285.0,2288.0,2285.0,2285.699951171875,13389,bullish
1778654160,2026-05-13 06:36:00+00:00,2286.300048828125,2286.699951171875,2285.10009765625,2285.800048828125,3443,bearish
1778654220,2026-05-13 06:37:00+00:00,2285.699951171875,2285.699951171875,2284.0,2284.5,3864,bearish
1778654280,2026-05-13 06:38:00+00:00,2284.300048828125,2284.39990234375,2282.800048828125,2283.0,4372,bearish
1778654340,2026-05-13 06:39:00+00:00,2282.89990234375,2284.800048828125,2282.89990234375,2284.800048828125,3916,bullish
1778654400,2026-05-13 06:40:00+00:00,2284.800048828125,2284.800048828125,2283.0,2284.39990234375,4193,bearish
1778654460,2026-05-13 06:41:00+00:00,2284.199951171875,2284.60009765625,2283.300048828125,2284.5,3289,bullish
1778654520,2026-05-13 06:42:00+00:00,2284.5,2287.10009765625,2284.39990234375,2286.300048828125,4397,bullish
1778654580,2026-05-13 06:43:00+00:00,2286.300048828125,2287.10009765625,2286.199951171875,2287.0,4167,bullish
1778654640,2026-05-13 06:44:00+00:00,2287.199951171875,2287.699951171875,2287.0,2287.300048828125,2428,bullish
1778654700,2026-05-13 06:45:00+00:00,2287.0,2287.699951171875,2286.800048828125,2287.60009765625,3606,bullish
1778654760,2026-05-13 06:46:00+00:00,2287.10009765625,2287.10009765625,2286.199951171875,2286.5,3471,bearish
1778654820,2026-05-13 06:47:00+00:00,2286.199951171875,2286.60009765625,2284.199951171875,2284.199951171875,7986,bearish
1778654880,2026-05-13 06:48:00+00:00,2284.0,2284.89990234375,2284.0,2284.699951171875,4349,bullish
1778654940,2026-05-13 06:49:00+00:00,2284.699951171875,2285.39990234375,2284.699951171875,2285.39990234375,3367,bullish
1778655000,2026-05-13 06:50:00+00:00,2284.39990234375,2284.60009765625,2283.10009765625,2283.10009765625,8634,bearish
1778655060,2026-05-13 06:51:00+00:00,2283.39990234375,2284.300048828125,2283.10009765625,2283.39990234375,5478,doji
1778655120,2026-05-13 06:52:00+00:00,2283.39990234375,2284.0,2283.0,2283.0,4148,bearish
1778655180,2026-05-13 06:53:00+00:00,2283.0,2283.0,2281.89990234375,2282.60009765625,4572,bearish
1778655240,2026-05-13 06:54:00+00:00,2282.60009765625,2283.0,2282.5,2283.0,6319,bullish
1778655300,2026-05-13 06:55:00+00:00,2283.0,2283.5,2282.800048828125,2282.89990234375,4021,bearish
1778655360,2026-05-13 06:56:00+00:00,2283.0,2283.10009765625,2282.800048828125,2282.89990234375,2740,bearish
1778655420,2026-05-13 06:57:00+00:00,2283.0,2283.300048828125,2282.800048828125,2283.300048828125,3774,bullish
1778655480,2026-05-13 06:58:00+00:00,2283.10009765625,2283.10009765625,2282.5,2282.5,8657,bearish
1778655540,2026-05-13 06:59:00+00:00,2282.10009765625,2282.39990234375,2281.0,2281.699951171875,5459,bearish
1778655600,2026-05-13 07:00:00+00:00,2281.699951171875,2283.39990234375,2281.0,2281.5,6955,bearish
1778655660,2026-05-13 07:01:00+00:00,2281.60009765625,2281.60009765625,2281.60009765625,2281.60009765625,0,doji
