timestamp,datetime,open,high,low,close,volume,candle_type
0,1970-01-01 00:00:00+00:00,1424.699951171875,1426.0,1420.699951171875,1423.0999755859375,0.0,bearish
0,1970-01-01 00:00:00.000000001+00:00,1423.300048828125,1423.300048828125,1419.199951171875,1420.5999755859375,109246.0,bearish
0,1970-01-01 00:00:00.000000002+00:00,1420.0999755859375,1422.300048828125,1420.0,1421.699951171875,64324.0,bullish
0,1970-01-01 00:00:00.000000003+00:00,1422.0999755859375,1423.800048828125,1421.9000244140625,1423.800048828125,37893.0,bullish
0,1970-01-01 00:00:00.000000004+00:00,1423.5999755859375,1423.5999755859375,1421.300048828125,1422.0999755859375,87854.0,bearish
0,1970-01-01 00:00:00.000000005+00:00,1422.699951171875,1422.699951171875,1421.5999755859375,1422.199951171875,35053.0,bearish
0,1970-01-01 00:00:00.000000006+00:00,1422.0999755859375,1422.0999755859375,1421.5,1421.800048828125,31760.0,bearish
0,1970-01-01 00:00:00.000000007+00:00,1421.800048828125,1422.699951171875,1421.199951171875,1421.4000244140625,26807.0,bearish
0,1970-01-01 00:00:00.000000008+00:00,1421.4000244140625,1421.5,1420.0,1420.0,71347.0,bearish
0,1970-01-01 00:00:00.000000009+00:00,1420.4000244140625,1421.300048828125,1420.4000244140625,1421.199951171875,54605.0,bullish
0,1970-01-01 00:00:00.000000010+00:00,1421.199951171875,1421.199951171875,1420.5,1420.5999755859375,24573.0,bearish
0,1970-01-01 00:00:00.000000011+00:00,1420.300048828125,1420.300048828125,1418.0,1418.5999755859375,103868.0,bearish
0,1970-01-01 00:00:00.000000012+00:00,1418.9000244140625,1420.9000244140625,1418.9000244140625,1420.5,32355.0,bullish
0,1970-01-01 00:00:00.000000013+00:00,1420.4000244140625,1420.800048828125,1419.0999755859375,1420.4000244140625,37401.0,doji
0,1970-01-01 00:00:00.000000014+00:00,1420.0,1421.0999755859375,1420.0,1421.0999755859375,20339.0,bullish
0,1970-01-01 00:00:00.000000015+00:00,1421.5999755859375,1421.5999755859375,1421.0,1421.5999755859375,40302.0,doji
0,1970-01-01 00:00:00.000000016+00:00,1420.800048828125,1422.5,1420.5,1420.800048828125,258328.0,doji
0,1970-01-01 00:00:00.000000017+00:00,1421.0,1421.199951171875,1420.0999755859375,1420.5999755859375,22378.0,bearish
0,1970-01-01 00:00:00.000000018+00:00,1420.5999755859375,1420.5999755859375,1417.5,1417.5,55634.0,bearish
0,1970-01-01 00:00:00.000000019+00:00,1417.800048828125,1418.0999755859375,1417.300048828125,1418.0,33994.0,bullish
0,1970-01-01 00:00:00.000000020+00:00,1417.5,1417.9000244140625,1417.0999755859375,1417.300048828125,14285.0,bearish
0,1970-01-01 00:00:00.000000021+00:00,1417.0,1417.0999755859375,1416.199951171875,1416.5,37966.0,bearish
0,1970-01-01 00:00:00.000000022+00:00,1416.5999755859375,1417.800048828125,1416.5,1417.699951171875,24295.0,bullish
0,1970-01-01 00:00:00.000000023+00:00,1417.5,1417.9000244140625,1417.0,1417.300048828125,45802.0,bearish
0,1970-01-01 00:00:00.000000024+00:00,1416.699951171875,1417.0999755859375,1416.0,1416.199951171875,22472.0,bearish
0,1970-01-01 00:00:00.000000025+00:00,1416.5999755859375,1416.5999755859375,1415.5,1416.5999755859375,41491.0,doji
0,1970-01-01 00:00:00.000000026+00:00,1416.199951171875,1419.0999755859375,1416.199951171875,1418.699951171875,28898.0,bullish
0,1970-01-01 00:00:00.000000027+00:00,1419.0,1421.699951171875,1419.0,1420.0,40299.0,bullish
0,1970-01-01 00:00:00.000000028+00:00,1420.0,1420.0,1416.5,1417.0,40571.0,bearish
0,1970-01-01 00:00:00.000000029+00:00,1417.0,1417.0,1415.300048828125,1415.300048828125,32936.0,bearish
0,1970-01-01 00:00:00.000000030+00:00,1415.0999755859375,1416.9000244140625,1415.0,1415.5,39124.0,bullish
0,1970-01-01 00:00:00.000000031+00:00,1415.5,1416.5999755859375,1415.0,1416.199951171875,35406.0,bullish
0,1970-01-01 00:00:00.000000032+00:00,1416.300048828125,1417.0999755859375,1416.0,1417.0,6293.0,bullish
0,1970-01-01 00:00:00.000000033+00:00,1417.199951171875,1417.5999755859375,1417.199951171875,1417.300048828125,9778.0,bullish
0,1970-01-01 00:00:00.000000034+00:00,1417.4000244140625,1419.0999755859375,1417.4000244140625,1419.0999755859375,11141.0,bullish
0,1970-01-01 00:00:00.000000035+00:00,1418.4000244140625,1419.0,1417.5999755859375,1418.800048828125,11864.0,bullish
0,1970-01-01 00:00:00.000000036+00:00,1418.800048828125,1419.300048828125,1418.5,1419.0999755859375,6079.0,bullish
0,1970-01-01 00:00:00.000000037+00:00,1419.0999755859375,1419.5,1418.9000244140625,1419.300048828125,7734.0,bullish
0,1970-01-01 00:00:00.000000038+00:00,1419.0,1419.4000244140625,1419.0,1419.0,12410.0,doji
0,1970-01-01 00:00:00.000000039+00:00,1419.0999755859375,1419.5999755859375,1417.199951171875,1419.4000244140625,34596.0,bullish
0,1970-01-01 00:00:00.000000040+00:00,1419.5999755859375,1420.800048828125,1417.9000244140625,1417.9000244140625,32221.0,bearish
0,1970-01-01 00:00:00.000000041+00:00,1418.4000244140625,1419.0,1417.0999755859375,1417.9000244140625,33353.0,bearish
0,1970-01-01 00:00:00.000000042+00:00,1418.0,1420.0,1417.199951171875,1420.0,20954.0,bullish
0,1970-01-01 00:00:00.000000043+00:00,1420.0,1420.5999755859375,1419.199951171875,1419.800048828125,11405.0,bearish
0,1970-01-01 00:00:00.000000044+00:00,1419.9000244140625,1420.5,1419.800048828125,1419.800048828125,7609.0,bearish
0,1970-01-01 00:00:00.000000045+00:00,1419.9000244140625,1420.5999755859375,1419.9000244140625,1420.5999755859375,8125.0,bullish
0,1970-01-01 00:00:00.000000046+00:00,1420.9000244140625,1420.9000244140625,1420.300048828125,1420.9000244140625,8158.0,doji
0,1970-01-01 00:00:00.000000047+00:00,1420.9000244140625,1420.9000244140625,1420.0999755859375,1420.4000244140625,13838.0,bearish
0,1970-01-01 00:00:00.000000048+00:00,1420.4000244140625,1420.5999755859375,1420.0999755859375,1420.5,20608.0,bullish
0,1970-01-01 00:00:00.000000049+00:00,1420.5999755859375,1420.9000244140625,1420.0,1420.5999755859375,10999.0,doji
0,1970-01-01 00:00:00.000000050+00:00,1420.0,1420.9000244140625,1420.0,1420.9000244140625,9783.0,bullish
0,1970-01-01 00:00:00.000000051+00:00,1420.9000244140625,1420.9000244140625,1419.800048828125,1420.199951171875,9621.0,bearish
0,1970-01-01 00:00:00.000000052+00:00,1420.0,1420.0999755859375,1418.4000244140625,1418.4000244140625,27790.0,bearish
0,1970-01-01 00:00:00.000000053+00:00,1418.5999755859375,1419.300048828125,1417.5999755859375,1417.5999755859375,26732.0,bearish
0,1970-01-01 00:00:00.000000054+00:00,1417.4000244140625,1419.5,1417.4000244140625,1419.300048828125,16405.0,bullish
0,1970-01-01 00:00:00.000000055+00:00,1419.300048828125,1420.0,1418.5,1418.5,12297.0,bearish
0,1970-01-01 00:00:00.000000056+00:00,1418.5999755859375,1419.4000244140625,1418.5,1419.0999755859375,18842.0,bullish
0,1970-01-01 00:00:00.000000057+00:00,1419.0999755859375,1419.0999755859375,1418.5999755859375,1419.0,5942.0,bearish
0,1970-01-01 00:00:00.000000058+00:00,1419.0,1420.0,1419.0,1420.0,7088.0,bullish
0,1970-01-01 00:00:00.000000059+00:00,1419.800048828125,1420.5999755859375,1419.800048828125,1420.199951171875,32259.0,bullish
0,1970-01-01 00:00:00.000000060+00:00,1420.199951171875,1420.4000244140625,1418.300048828125,1418.9000244140625,96706.0,bearish
0,1970-01-01 00:00:00.000000061+00:00,1419.0999755859375,1420.0,1418.199951171875,1419.5,21503.0,bullish
0,1970-01-01 00:00:00.000000062+00:00,1419.5999755859375,1419.5999755859375,1418.5,1418.5999755859375,7742.0,bearish
0,1970-01-01 00:00:00.000000063+00:00,1418.5999755859375,1419.0,1418.0999755859375,1418.0999755859375,9541.0,bearish
0,1970-01-01 00:00:00.000000064+00:00,1418.0,1418.0,1417.0,1417.4000244140625,12769.0,bearish
0,1970-01-01 00:00:00.000000065+00:00,1417.300048828125,1418.9000244140625,1417.0,1418.800048828125,14603.0,bullish
0,1970-01-01 00:00:00.000000066+00:00,1418.800048828125,1419.199951171875,1418.199951171875,1418.5999755859375,9660.0,bearish
0,1970-01-01 00:00:00.000000067+00:00,1418.4000244140625,1419.0,1417.0,1418.0,59623.0,bearish
0,1970-01-01 00:00:00.000000068+00:00,1417.5999755859375,1418.0,1417.0999755859375,1417.199951171875,10349.0,bearish
0,1970-01-01 00:00:00.000000069+00:00,1417.300048828125,1417.4000244140625,1416.300048828125,1416.4000244140625,24989.0,bearish
0,1970-01-01 00:00:00.000000070+00:00,1416.9000244140625,1416.9000244140625,1415.5999755859375,1416.0,31278.0,bearish
0,1970-01-01 00:00:00.000000071+00:00,1416.0,1416.800048828125,1415.9000244140625,1415.9000244140625,24746.0,bearish
0,1970-01-01 00:00:00.000000072+00:00,1416.0,1416.0,1415.5999755859375,1415.9000244140625,8086.0,bearish
0,1970-01-01 00:00:00.000000073+00:00,1415.699951171875,1416.0,1415.5,1415.5999755859375,7858.0,bearish
0,1970-01-01 00:00:00.000000074+00:00,1415.9000244140625,1416.0,1415.699951171875,1415.699951171875,6042.0,bearish
0,1970-01-01 00:00:00.000000075+00:00,1416.0,1417.0,1415.699951171875,1416.0,48973.0,doji
0,1970-01-01 00:00:00.000000076+00:00,1416.199951171875,1416.199951171875,1415.5999755859375,1415.5999755859375,10319.0,bearish
0,1970-01-01 00:00:00.000000077+00:00,1415.699951171875,1416.0,1415.5999755859375,1415.699951171875,5819.0,doji
0,1970-01-01 00:00:00.000000078+00:00,1415.5,1416.0999755859375,1415.4000244140625,1415.9000244140625,10712.0,bullish
0,1970-01-01 00:00:00.000000079+00:00,1416.0,1416.699951171875,1415.5999755859375,1415.699951171875,10277.0,bearish
0,1970-01-01 00:00:00.000000080+00:00,1416.0,1416.0,1415.4000244140625,1415.800048828125,7356.0,bearish
0,1970-01-01 00:00:00.000000081+00:00,1415.699951171875,1416.0,1415.4000244140625,1415.4000244140625,14413.0,bearish
0,1970-01-01 00:00:00.000000082+00:00,1415.4000244140625,1415.699951171875,1415.0999755859375,1415.699951171875,16160.0,bullish
0,1970-01-01 00:00:00.000000083+00:00,1415.5,1415.5,1414.4000244140625,1415.0,65978.0,bearish
0,1970-01-01 00:00:00.000000084+00:00,1415.0999755859375,1416.0,1414.699951171875,1416.0,25346.0,bullish
0,1970-01-01 00:00:00.000000085+00:00,1416.0,1416.0,1415.0999755859375,1415.5,15571.0,bearish
0,1970-01-01 00:00:00.000000086+00:00,1415.300048828125,1415.5999755859375,1415.199951171875,1415.5,4992.0,bullish
0,1970-01-01 00:00:00.000000087+00:00,1415.5,1415.5,1414.699951171875,1414.699951171875,9214.0,bearish
0,1970-01-01 00:00:00.000000088+00:00,1414.9000244140625,1414.9000244140625,1414.5,1414.9000244140625,12837.0,doji
0,1970-01-01 00:00:00.000000089+00:00,1414.800048828125,1416.0,1414.199951171875,1415.5999755859375,43612.0,bullish
0,1970-01-01 00:00:00.000000090+00:00,1415.5999755859375,1416.0,1414.5,1414.9000244140625,22070.0,bearish
0,1970-01-01 00:00:00.000000091+00:00,1414.9000244140625,1415.9000244140625,1414.5999755859375,1415.300048828125,21411.0,bullish
0,1970-01-01 00:00:00.000000092+00:00,1415.0999755859375,1415.9000244140625,1415.0999755859375,1415.5999755859375,13112.0,bullish
0,1970-01-01 00:00:00.000000093+00:00,1415.5999755859375,1416.0,1415.5999755859375,1416.0,8441.0,bullish
0,1970-01-01 00:00:00.000000094+00:00,1416.0,1416.5,1415.5999755859375,1416.0,79717.0,doji
0,1970-01-01 00:00:00.000000095+00:00,1416.199951171875,1416.5,1416.0,1416.4000244140625,16679.0,bullish
0,1970-01-01 00:00:00.000000096+00:00,1416.5,1417.0,1416.300048828125,1416.9000244140625,12627.0,bullish
0,1970-01-01 00:00:00.000000097+00:00,1417.0,1417.0,1416.800048828125,1416.9000244140625,13610.0,bearish
0,1970-01-01 00:00:00.000000098+00:00,1416.9000244140625,1417.4000244140625,1416.9000244140625,1417.300048828125,54091.0,bullish
0,1970-01-01 00:00:00.000000099+00:00,1417.4000244140625,1419.0,1417.300048828125,1418.800048828125,83341.0,bullish
0,1970-01-01 00:00:00.000000100+00:00,1418.800048828125,1419.0999755859375,1418.0999755859375,1418.300048828125,30713.0,bearish
0,1970-01-01 00:00:00.000000101+00:00,1418.699951171875,1418.699951171875,1418.0,1418.300048828125,10104.0,bearish
0,1970-01-01 00:00:00.000000102+00:00,1418.199951171875,1418.4000244140625,1418.0,1418.0,11183.0,bearish
0,1970-01-01 00:00:00.000000103+00:00,1418.0,1418.300048828125,1418.0,1418.199951171875,9389.0,bullish
0,1970-01-01 00:00:00.000000104+00:00,1418.0999755859375,1418.800048828125,1418.0999755859375,1418.4000244140625,9001.0,bullish
0,1970-01-01 00:00:00.000000105+00:00,1418.5,1418.5,1418.0,1418.0,8053.0,bearish
0,1970-01-01 00:00:00.000000106+00:00,1418.0999755859375,1418.300048828125,1418.0999755859375,1418.300048828125,4504.0,bullish
0,1970-01-01 00:00:00.000000107+00:00,1418.199951171875,1418.5,1418.0,1418.300048828125,3725.0,bullish
0,1970-01-01 00:00:00.000000108+00:00,1418.0,1419.4000244140625,1418.0,1419.4000244140625,24366.0,bullish
0,1970-01-01 00:00:00.000000109+00:00,1418.5999755859375,1419.9000244140625,1418.5999755859375,1419.9000244140625,15288.0,bullish
0,1970-01-01 00:00:00.000000110+00:00,1419.800048828125,1420.0,1419.199951171875,1420.0,11714.0,bullish
0,1970-01-01 00:00:00.000000111+00:00,1419.9000244140625,1420.0,1419.5999755859375,1419.5999755859375,8665.0,bearish
0,1970-01-01 00:00:00.000000112+00:00,1419.5999755859375,1420.0,1419.5999755859375,1419.9000244140625,16131.0,bullish
0,1970-01-01 00:00:00.000000113+00:00,1419.699951171875,1419.9000244140625,1419.199951171875,1419.4000244140625,10535.0,bearish
0,1970-01-01 00:00:00.000000114+00:00,1419.5,1419.699951171875,1419.4000244140625,1419.5999755859375,8837.0,bullish
0,1970-01-01 00:00:00.000000115+00:00,1419.5999755859375,1419.800048828125,1419.5,1419.800048828125,4661.0,bullish
0,1970-01-01 00:00:00.000000116+00:00,1419.800048828125,1419.9000244140625,1419.5,1419.5,21461.0,bearish
0,1970-01-01 00:00:00.000000117+00:00,1419.5,1419.699951171875,1419.199951171875,1419.199951171875,6973.0,bearish
0,1970-01-01 00:00:00.000000118+00:00,1419.300048828125,1419.300048828125,1418.699951171875,1419.0999755859375,6453.0,bearish
0,1970-01-01 00:00:00.000000119+00:00,1419.0,1419.0999755859375,1418.699951171875,1418.699951171875,5674.0,bearish
0,1970-01-01 00:00:00.000000120+00:00,1418.699951171875,1418.9000244140625,1418.4000244140625,1418.9000244140625,7020.0,bullish
0,1970-01-01 00:00:00.000000121+00:00,1418.9000244140625,1419.199951171875,1418.5999755859375,1418.5999755859375,6894.0,bearish
0,1970-01-01 00:00:00.000000122+00:00,1419.0999755859375,1419.199951171875,1418.699951171875,1419.0,6102.0,bearish
0,1970-01-01 00:00:00.000000123+00:00,1419.0,1419.0,1418.0999755859375,1418.0999755859375,7850.0,bearish
0,1970-01-01 00:00:00.000000124+00:00,1418.5,1418.5,1418.0,1418.4000244140625,13861.0,bearish
0,1970-01-01 00:00:00.000000125+00:00,1418.5,1419.4000244140625,1417.5999755859375,1419.0999755859375,40347.0,bullish
0,1970-01-01 00:00:00.000000126+00:00,1419.0,1419.4000244140625,1418.5999755859375,1419.199951171875,12063.0,bullish
0,1970-01-01 00:00:00.000000127+00:00,1419.199951171875,1419.4000244140625,1418.699951171875,1419.0,13496.0,bearish
0,1970-01-01 00:00:00.000000128+00:00,1419.0999755859375,1419.300048828125,1419.0,1419.199951171875,5148.0,bullish
0,1970-01-01 00:00:00.000000129+00:00,1419.199951171875,1419.4000244140625,1419.0,1419.0,11470.0,bearish
0,1970-01-01 00:00:00.000000130+00:00,1419.0,1419.199951171875,1419.0,1419.0999755859375,5938.0,bullish
0,1970-01-01 00:00:00.000000131+00:00,1419.0999755859375,1419.0999755859375,1418.199951171875,1418.4000244140625,23550.0,bearish
0,1970-01-01 00:00:00.000000132+00:00,1418.5,1418.5,1417.5,1417.699951171875,40802.0,bearish
0,1970-01-01 00:00:00.000000133+00:00,1417.9000244140625,1418.0,1417.4000244140625,1418.0,11211.0,bullish
0,1970-01-01 00:00:00.000000134+00:00,1418.0,1418.5,1417.5,1418.0,36739.0,doji
0,1970-01-01 00:00:00.000000135+00:00,1418.0,1418.0,1417.0999755859375,1417.0999755859375,12971.0,bearish
0,1970-01-01 00:00:00.000000136+00:00,1417.0999755859375,1417.300048828125,1415.9000244140625,1417.0,44995.0,bearish
0,1970-01-01 00:00:00.000000137+00:00,1416.9000244140625,1417.699951171875,1416.9000244140625,1417.0,18867.0,bullish
0,1970-01-01 00:00:00.000000138+00:00,1417.0,1417.4000244140625,1417.0,1417.300048828125,5701.0,bullish
0,1970-01-01 00:00:00.000000139+00:00,1417.300048828125,1417.4000244140625,1417.0999755859375,1417.199951171875,7673.0,bearish
0,1970-01-01 00:00:00.000000140+00:00,1417.0999755859375,1417.199951171875,1416.9000244140625,1416.9000244140625,5619.0,bearish
0,1970-01-01 00:00:00.000000141+00:00,1416.9000244140625,1417.0,1416.0,1416.5,19873.0,bearish
0,1970-01-01 00:00:00.000000142+00:00,1416.4000244140625,1416.699951171875,1415.5999755859375,1416.0,12908.0,bearish
0,1970-01-01 00:00:00.000000143+00:00,1416.0,1416.199951171875,1415.5999755859375,1415.9000244140625,6956.0,bearish
0,1970-01-01 00:00:00.000000144+00:00,1415.5999755859375,1415.9000244140625,1415.0999755859375,1415.4000244140625,18855.0,bearish
0,1970-01-01 00:00:00.000000145+00:00,1415.5,1415.800048828125,1415.300048828125,1415.699951171875,26336.0,bullish
0,1970-01-01 00:00:00.000000146+00:00,1415.800048828125,1417.0999755859375,1415.800048828125,1416.800048828125,25827.0,bullish
0,1970-01-01 00:00:00.000000147+00:00,1416.800048828125,1416.9000244140625,1416.0999755859375,1416.9000244140625,5208.0,bullish
0,1970-01-01 00:00:00.000000148+00:00,1416.800048828125,1416.9000244140625,1416.300048828125,1416.800048828125,7706.0,doji
0,1970-01-01 00:00:00.000000149+00:00,1416.800048828125,1416.9000244140625,1416.5,1416.5999755859375,2263.0,bearish
0,1970-01-01 00:00:00.000000150+00:00,1416.800048828125,1417.300048828125,1416.800048828125,1416.800048828125,5797.0,doji
0,1970-01-01 00:00:00.000000151+00:00,1416.5999755859375,1416.800048828125,1414.5,1414.5,26711.0,bearish
0,1970-01-01 00:00:00.000000152+00:00,1414.0999755859375,1414.0999755859375,1412.5,1413.5999755859375,213292.0,bearish
0,1970-01-01 00:00:00.000000153+00:00,1413.800048828125,1413.800048828125,1411.5999755859375,1411.9000244140625,45240.0,bearish
0,1970-01-01 00:00:00.000000154+00:00,1411.9000244140625,1412.5,1411.300048828125,1412.0999755859375,34956.0,bullish
0,1970-01-01 00:00:00.000000155+00:00,1412.300048828125,1412.699951171875,1412.0,1412.5999755859375,7907.0,bullish
0,1970-01-01 00:00:00.000000156+00:00,1412.699951171875,1413.0,1412.199951171875,1413.0,7948.0,bullish
0,1970-01-01 00:00:00.000000157+00:00,1413.0,1413.5,1412.800048828125,1413.4000244140625,6109.0,bullish
0,1970-01-01 00:00:00.000000158+00:00,1413.300048828125,1413.9000244140625,1413.199951171875,1413.300048828125,19878.0,doji
0,1970-01-01 00:00:00.000000159+00:00,1413.300048828125,1413.800048828125,1413.199951171875,1413.699951171875,8020.0,bullish
0,1970-01-01 00:00:00.000000160+00:00,1413.5999755859375,1413.699951171875,1413.0,1413.199951171875,19447.0,bearish
0,1970-01-01 00:00:00.000000161+00:00,1413.4000244140625,1413.4000244140625,1411.699951171875,1412.0999755859375,72146.0,bearish
0,1970-01-01 00:00:00.000000162+00:00,1412.0999755859375,1412.0999755859375,1411.5999755859375,1411.9000244140625,7457.0,bearish
0,1970-01-01 00:00:00.000000163+00:00,1411.9000244140625,1412.0999755859375,1411.800048828125,1412.0,24871.0,bullish
0,1970-01-01 00:00:00.000000164+00:00,1412.699951171875,1412.9000244140625,1411.9000244140625,1412.300048828125,87438.0,bearish
0,1970-01-01 00:00:00.000000165+00:00,1412.9000244140625,1413.0,1411.5,1411.699951171875,34827.0,bearish
0,1970-01-01 00:00:00.000000166+00:00,1411.5999755859375,1411.699951171875,1411.199951171875,1411.300048828125,11110.0,bearish
0,1970-01-01 00:00:00.000000167+00:00,1410.9000244140625,1411.800048828125,1410.699951171875,1411.699951171875,35899.0,bullish
0,1970-01-01 00:00:00.000000168+00:00,1411.5999755859375,1412.0,1411.0,1411.800048828125,29623.0,bullish
0,1970-01-01 00:00:00.000000169+00:00,1411.800048828125,1412.0,1410.699951171875,1410.699951171875,21400.0,bearish
0,1970-01-01 00:00:00.000000170+00:00,1411.0999755859375,1411.699951171875,1410.4000244140625,1411.5,17625.0,bullish
0,1970-01-01 00:00:00.000000171+00:00,1411.5999755859375,1411.9000244140625,1411.4000244140625,1411.5999755859375,7732.0,doji
0,1970-01-01 00:00:00.000000172+00:00,1411.5999755859375,1411.9000244140625,1411.4000244140625,1411.800048828125,6957.0,bullish
0,1970-01-01 00:00:00.000000173+00:00,1412.0,1412.0,1411.199951171875,1411.300048828125,22831.0,bearish
0,1970-01-01 00:00:00.000000174+00:00,1411.699951171875,1412.0,1411.300048828125,1411.9000244140625,46840.0,bullish
0,1970-01-01 00:00:00.000000175+00:00,1411.9000244140625,1411.9000244140625,1411.699951171875,1411.800048828125,6855.0,bearish
0,1970-01-01 00:00:00.000000176+00:00,1411.800048828125,1411.800048828125,1411.5,1411.5,17430.0,bearish
0,1970-01-01 00:00:00.000000177+00:00,1411.5,1411.5999755859375,1411.0,1411.4000244140625,8815.0,bearish
0,1970-01-01 00:00:00.000000178+00:00,1411.4000244140625,1411.5,1411.0,1411.5,9584.0,bullish
0,1970-01-01 00:00:00.000000179+00:00,1411.5,1411.5,1410.9000244140625,1411.0,21372.0,bearish
0,1970-01-01 00:00:00.000000180+00:00,1411.0,1411.0,1410.9000244140625,1411.0,15947.0,doji
0,1970-01-01 00:00:00.000000181+00:00,1411.0,1411.0,1410.9000244140625,1411.0,9532.0,doji
0,1970-01-01 00:00:00.000000182+00:00,1411.0,1411.0,1410.5,1410.5,7774.0,bearish
0,1970-01-01 00:00:00.000000183+00:00,1410.699951171875,1411.0,1410.5,1411.0,29319.0,bullish
0,1970-01-01 00:00:00.000000184+00:00,1410.9000244140625,1410.9000244140625,1410.699951171875,1410.9000244140625,7167.0,doji
0,1970-01-01 00:00:00.000000185+00:00,1410.800048828125,1410.9000244140625,1410.5,1410.5,8724.0,bearish
0,1970-01-01 00:00:00.000000186+00:00,1410.5,1410.9000244140625,1410.5,1410.9000244140625,18163.0,bullish
0,1970-01-01 00:00:00.000000187+00:00,1410.800048828125,1411.0,1410.800048828125,1411.0,13253.0,bullish
0,1970-01-01 00:00:00.000000188+00:00,1411.0,1411.300048828125,1410.800048828125,1411.199951171875,43593.0,bullish
0,1970-01-01 00:00:00.000000189+00:00,1411.300048828125,1412.0,1411.199951171875,1411.800048828125,15049.0,bullish
0,1970-01-01 00:00:00.000000190+00:00,1411.699951171875,1411.9000244140625,1411.0999755859375,1411.9000244140625,12806.0,bullish
0,1970-01-01 00:00:00.000000191+00:00,1411.800048828125,1411.800048828125,1411.0,1411.0,12520.0,bearish
0,1970-01-01 00:00:00.000000192+00:00,1411.0,1411.300048828125,1411.0,1411.300048828125,19411.0,bullish
0,1970-01-01 00:00:00.000000193+00:00,1411.300048828125,1411.300048828125,1410.699951171875,1411.0,15726.0,bearish
0,1970-01-01 00:00:00.000000194+00:00,1410.699951171875,1410.699951171875,1409.0999755859375,1409.5999755859375,106351.0,bearish
0,1970-01-01 00:00:00.000000195+00:00,1409.0999755859375,1409.5,1407.4000244140625,1407.5999755859375,49788.0,bearish
0,1970-01-01 00:00:00.000000196+00:00,1407.5999755859375,1408.300048828125,1407.4000244140625,1407.9000244140625,22936.0,bullish
0,1970-01-01 00:00:00.000000197+00:00,1407.699951171875,1408.5999755859375,1407.0999755859375,1407.0999755859375,39284.0,bearish
0,1970-01-01 00:00:00.000000198+00:00,1407.0999755859375,1408.300048828125,1407.0999755859375,1408.300048828125,25845.0,bullish
0,1970-01-01 00:00:00.000000199+00:00,1408.5999755859375,1408.699951171875,1407.9000244140625,1408.0999755859375,15138.0,bearish
0,1970-01-01 00:00:00.000000200+00:00,1408.0,1408.5999755859375,1407.300048828125,1407.699951171875,18008.0,bearish
0,1970-01-01 00:00:00.000000201+00:00,1407.199951171875,1407.5999755859375,1406.5999755859375,1406.5999755859375,20001.0,bearish
0,1970-01-01 00:00:00.000000202+00:00,1406.800048828125,1407.0,1405.9000244140625,1406.199951171875,15285.0,bearish
0,1970-01-01 00:00:00.000000203+00:00,1406.199951171875,1406.199951171875,1405.300048828125,1405.699951171875,26697.0,bearish
0,1970-01-01 00:00:00.000000204+00:00,1405.699951171875,1406.300048828125,1405.199951171875,1405.5,93915.0,bearish
0,1970-01-01 00:00:00.000000205+00:00,1405.5,1406.5,1405.4000244140625,1405.9000244140625,52979.0,bullish
0,1970-01-01 00:00:00.000000206+00:00,1405.9000244140625,1406.199951171875,1405.199951171875,1405.300048828125,66694.0,bearish
0,1970-01-01 00:00:00.000000207+00:00,1405.300048828125,1406.0,1405.199951171875,1405.9000244140625,32895.0,bullish
0,1970-01-01 00:00:00.000000208+00:00,1405.9000244140625,1405.9000244140625,1405.0,1405.0999755859375,79045.0,bearish
0,1970-01-01 00:00:00.000000209+00:00,1405.300048828125,1406.0,1405.0,1405.300048828125,22367.0,doji
0,1970-01-01 00:00:00.000000210+00:00,1405.300048828125,1405.5,1404.800048828125,1405.0,64013.0,bearish
0,1970-01-01 00:00:00.000000211+00:00,1405.0,1405.0,1404.800048828125,1404.9000244140625,20577.0,bearish
0,1970-01-01 00:00:00.000000212+00:00,1404.800048828125,1405.0,1403.699951171875,1404.0,43813.0,bearish
0,1970-01-01 00:00:00.000000213+00:00,1404.0999755859375,1404.0999755859375,1403.199951171875,1403.5,23841.0,bearish
0,1970-01-01 00:00:00.000000214+00:00,1403.5,1404.199951171875,1403.199951171875,1404.0,22949.0,bullish
0,1970-01-01 00:00:00.000000215+00:00,1403.699951171875,1404.199951171875,1403.5,1403.5,19063.0,bearish
0,1970-01-01 00:00:00.000000216+00:00,1403.5999755859375,1404.199951171875,1403.4000244140625,1404.199951171875,36431.0,bullish
0,1970-01-01 00:00:00.000000217+00:00,1404.199951171875,1405.0,1403.9000244140625,1404.800048828125,57048.0,bullish
0,1970-01-01 00:00:00.000000218+00:00,1404.9000244140625,1405.0,1403.199951171875,1403.199951171875,166184.0,bearish
0,1970-01-01 00:00:00.000000219+00:00,1403.0999755859375,1403.300048828125,1400.5999755859375,1402.0,237939.0,bearish
0,1970-01-01 00:00:00.000000220+00:00,1401.5,1402.699951171875,1401.5,1402.699951171875,30352.0,bullish
0,1970-01-01 00:00:00.000000221+00:00,1402.699951171875,1403.0,1402.0999755859375,1402.9000244140625,32576.0,bullish
0,1970-01-01 00:00:00.000000222+00:00,1402.9000244140625,1403.5,1402.699951171875,1402.699951171875,28823.0,bearish
0,1970-01-01 00:00:00.000000223+00:00,1402.699951171875,1403.5,1402.699951171875,1403.300048828125,38935.0,bullish
0,1970-01-01 00:00:00.000000224+00:00,1402.9000244140625,1403.5,1402.5999755859375,1402.9000244140625,53375.0,doji
0,1970-01-01 00:00:00.000000225+00:00,1403.0,1403.5,1402.5999755859375,1402.699951171875,35341.0,bearish
0,1970-01-01 00:00:00.000000226+00:00,1402.800048828125,1402.800048828125,1401.300048828125,1402.300048828125,56117.0,bearish
0,1970-01-01 00:00:00.000000227+00:00,1402.300048828125,1402.300048828125,1400.9000244140625,1401.199951171875,136953.0,bearish
0,1970-01-01 00:00:00.000000228+00:00,1401.199951171875,1401.699951171875,1400.800048828125,1401.0,22488.0,bearish
0,1970-01-01 00:00:00.000000229+00:00,1401.0,1401.199951171875,1400.5,1400.5999755859375,27963.0,bearish
0,1970-01-01 00:00:00.000000230+00:00,1400.4000244140625,1400.5999755859375,1399.5,1399.5999755859375,99585.0,bearish
0,1970-01-01 00:00:00.000000231+00:00,1399.5999755859375,1400.5,1399.300048828125,1400.0,27254.0,bullish
0,1970-01-01 00:00:00.000000232+00:00,1400.0999755859375,1401.0,1400.0,1401.0,32528.0,bullish
0,1970-01-01 00:00:00.000000233+00:00,1401.0,1401.5,1400.699951171875,1401.5,107556.0,bullish
0,1970-01-01 00:00:00.000000234+00:00,1401.0999755859375,1402.0,1401.0999755859375,1401.9000244140625,53933.0,bullish
0,1970-01-01 00:00:00.000000235+00:00,1402.0,1403.0,1401.9000244140625,1403.0,41141.0,bullish
0,1970-01-01 00:00:00.000000236+00:00,1403.0,1403.0,1400.699951171875,1400.800048828125,195750.0,bearish
0,1970-01-01 00:00:00.000000237+00:00,1401.0,1402.0,1400.9000244140625,1401.9000244140625,25174.0,bullish
0,1970-01-01 00:00:00.000000238+00:00,1401.9000244140625,1402.0,1401.5,1401.9000244140625,23159.0,doji
0,1970-01-01 00:00:00.000000239+00:00,1401.800048828125,1401.9000244140625,1401.5,1401.9000244140625,9949.0,bullish
0,1970-01-01 00:00:00.000000240+00:00,1401.9000244140625,1401.9000244140625,1401.0999755859375,1401.5,18055.0,bearish
0,1970-01-01 00:00:00.000000241+00:00,1401.5,1401.5,1401.199951171875,1401.5,13986.0,doji
0,1970-01-01 00:00:00.000000242+00:00,1401.5,1401.5,1401.0999755859375,1401.199951171875,12030.0,bearish
0,1970-01-01 00:00:00.000000243+00:00,1401.199951171875,1402.0,1400.9000244140625,1401.9000244140625,43636.0,bullish
0,1970-01-01 00:00:00.000000244+00:00,1401.5,1401.5999755859375,1400.9000244140625,1401.0999755859375,32147.0,bearish
0,1970-01-01 00:00:00.000000245+00:00,1401.4000244140625,1402.0,1401.0999755859375,1401.699951171875,22852.0,bullish
0,1970-01-01 00:00:00.000000246+00:00,1401.699951171875,1401.9000244140625,1401.300048828125,1401.5999755859375,9916.0,bearish
0,1970-01-01 00:00:00.000000247+00:00,1401.5999755859375,1402.0,1401.300048828125,1402.0,9058.0,bullish
0,1970-01-01 00:00:00.000000248+00:00,1401.9000244140625,1401.9000244140625,1401.5999755859375,1401.699951171875,12083.0,bearish
0,1970-01-01 00:00:00.000000249+00:00,1402.0,1402.5,1401.9000244140625,1401.9000244140625,28310.0,bearish
0,1970-01-01 00:00:00.000000250+00:00,1402.300048828125,1402.4000244140625,1402.0,1402.199951171875,9358.0,bearish
0,1970-01-01 00:00:00.000000251+00:00,1402.300048828125,1402.699951171875,1402.0999755859375,1402.5,16223.0,bullish
0,1970-01-01 00:00:00.000000252+00:00,1402.5,1402.699951171875,1402.0999755859375,1402.4000244140625,9869.0,bearish
0,1970-01-01 00:00:00.000000253+00:00,1402.199951171875,1402.4000244140625,1402.0999755859375,1402.4000244140625,7301.0,bullish
0,1970-01-01 00:00:00.000000254+00:00,1402.300048828125,1402.4000244140625,1402.0,1402.4000244140625,8422.0,bullish
0,1970-01-01 00:00:00.000000255+00:00,1402.9000244140625,1403.5,1401.9000244140625,1401.9000244140625,102742.0,bearish
0,1970-01-01 00:00:00.000000256+00:00,1401.800048828125,1402.300048828125,1401.4000244140625,1401.800048828125,26415.0,doji
0,1970-01-01 00:00:00.000000257+00:00,1401.699951171875,1401.9000244140625,1401.0999755859375,1401.300048828125,30498.0,bearish
0,1970-01-01 00:00:00.000000258+00:00,1401.300048828125,1401.300048828125,1399.699951171875,1399.699951171875,60231.0,bearish
0,1970-01-01 00:00:00.000000259+00:00,1399.5999755859375,1400.4000244140625,1399.199951171875,1399.699951171875,23672.0,bullish
0,1970-01-01 00:00:00.000000260+00:00,1399.699951171875,1400.5,1399.300048828125,1400.4000244140625,34179.0,bullish
0,1970-01-01 00:00:00.000000261+00:00,1400.4000244140625,1401.0,1399.9000244140625,1400.199951171875,68509.0,bearish
0,1970-01-01 00:00:00.000000262+00:00,1400.300048828125,1400.5,1399.5,1399.5,44703.0,bearish
0,1970-01-01 00:00:00.000000263+00:00,1399.699951171875,1400.300048828125,1399.4000244140625,1400.300048828125,19183.0,bullish
0,1970-01-01 00:00:00.000000264+00:00,1400.800048828125,1400.800048828125,1399.699951171875,1399.800048828125,29346.0,bearish
0,1970-01-01 00:00:00.000000265+00:00,1399.5,1399.5999755859375,1398.4000244140625,1399.199951171875,31793.0,bearish
0,1970-01-01 00:00:00.000000266+00:00,1399.4000244140625,1399.9000244140625,1399.199951171875,1399.800048828125,13002.0,bullish
0,1970-01-01 00:00:00.000000267+00:00,1399.9000244140625,1400.699951171875,1399.800048828125,1400.4000244140625,18924.0,bullish
0,1970-01-01 00:00:00.000000268+00:00,1400.5999755859375,1400.699951171875,1400.0,1400.199951171875,35965.0,bearish
0,1970-01-01 00:00:00.000000269+00:00,1400.199951171875,1400.699951171875,1399.5,1400.0,48123.0,bearish
0,1970-01-01 00:00:00.000000270+00:00,1399.699951171875,1401.0,1399.5,1400.4000244140625,96320.0,bullish
0,1970-01-01 00:00:00.000000271+00:00,1400.800048828125,1401.4000244140625,1400.5999755859375,1401.199951171875,34273.0,bullish
0,1970-01-01 00:00:00.000000272+00:00,1401.5,1401.5,1400.9000244140625,1401.0,14340.0,bearish
0,1970-01-01 00:00:00.000000273+00:00,1401.199951171875,1401.199951171875,1400.5999755859375,1400.800048828125,15965.0,bearish
0,1970-01-01 00:00:00.000000274+00:00,1400.5999755859375,1401.0,1400.0999755859375,1400.300048828125,43979.0,bearish
0,1970-01-01 00:00:00.000000275+00:00,1400.4000244140625,1400.5,1399.5999755859375,1399.9000244140625,21220.0,bearish
0,1970-01-01 00:00:00.000000276+00:00,1399.699951171875,1400.5,1399.699951171875,1400.5,20100.0,bullish
0,1970-01-01 00:00:00.000000277+00:00,1400.4000244140625,1400.5,1400.0999755859375,1400.199951171875,24371.0,bearish
0,1970-01-01 00:00:00.000000278+00:00,1400.300048828125,1400.9000244140625,1400.199951171875,1400.800048828125,12147.0,bullish
0,1970-01-01 00:00:00.000000279+00:00,1400.9000244140625,1401.0,1400.699951171875,1401.0,23729.0,bullish
0,1970-01-01 00:00:00.000000280+00:00,1401.0,1401.4000244140625,1400.699951171875,1401.0999755859375,13885.0,bullish
0,1970-01-01 00:00:00.000000281+00:00,1401.0999755859375,1401.0999755859375,1400.0,1400.5999755859375,34837.0,bearish
0,1970-01-01 00:00:00.000000282+00:00,1400.699951171875,1401.0999755859375,1400.300048828125,1400.300048828125,10853.0,bearish
0,1970-01-01 00:00:00.000000283+00:00,1400.5999755859375,1400.699951171875,1399.5,1400.0,17253.0,bearish
0,1970-01-01 00:00:00.000000284+00:00,1400.199951171875,1400.5999755859375,1399.5,1399.699951171875,7673.0,bearish
0,1970-01-01 00:00:00.000000285+00:00,1399.5999755859375,1399.800048828125,1399.0,1399.800048828125,16965.0,bullish
0,1970-01-01 00:00:00.000000286+00:00,1399.800048828125,1400.0,1399.4000244140625,1399.800048828125,23179.0,doji
0,1970-01-01 00:00:00.000000287+00:00,1399.699951171875,1399.699951171875,1399.0,1399.199951171875,128422.0,bearish
0,1970-01-01 00:00:00.000000288+00:00,1399.300048828125,1399.800048828125,1399.199951171875,1399.5,110346.0,bullish
0,1970-01-01 00:00:00.000000289+00:00,1399.5999755859375,1399.5999755859375,1398.9000244140625,1399.0,47199.0,bearish
0,1970-01-01 00:00:00.000000290+00:00,1399.0999755859375,1400.0999755859375,1399.0,1400.0999755859375,21058.0,bullish
0,1970-01-01 00:00:00.000000291+00:00,1400.0999755859375,1400.5,1399.300048828125,1399.5,37229.0,bearish
0,1970-01-01 00:00:00.000000292+00:00,1399.5999755859375,1399.9000244140625,1399.4000244140625,1399.9000244140625,11641.0,bullish
0,1970-01-01 00:00:00.000000293+00:00,1399.9000244140625,1400.0,1399.699951171875,1400.0,10431.0,bullish
0,1970-01-01 00:00:00.000000294+00:00,1400.0,1400.0,1399.300048828125,1399.4000244140625,10644.0,bearish
0,1970-01-01 00:00:00.000000295+00:00,1399.4000244140625,1399.5,1399.300048828125,1399.300048828125,3426.0,bearish
0,1970-01-01 00:00:00.000000296+00:00,1399.199951171875,1399.300048828125,1398.5999755859375,1398.800048828125,33620.0,bearish
0,1970-01-01 00:00:00.000000297+00:00,1398.800048828125,1399.0,1398.5,1399.0,16798.0,bullish
0,1970-01-01 00:00:00.000000298+00:00,1398.9000244140625,1398.9000244140625,1398.5,1398.800048828125,9070.0,bearish
0,1970-01-01 00:00:00.000000299+00:00,1398.5,1398.5,1397.199951171875,1397.5,88356.0,bearish
0,1970-01-01 00:00:00.000000300+00:00,1397.800048828125,1398.9000244140625,1397.5,1398.800048828125,20428.0,bullish
0,1970-01-01 00:00:00.000000301+00:00,1398.699951171875,1398.9000244140625,1397.9000244140625,1398.0,70703.0,bearish
0,1970-01-01 00:00:00.000000302+00:00,1398.0,1398.699951171875,1397.699951171875,1398.5,29724.0,bullish
0,1970-01-01 00:00:00.000000303+00:00,1398.699951171875,1399.4000244140625,1398.5999755859375,1399.4000244140625,32179.0,bullish
0,1970-01-01 00:00:00.000000304+00:00,1399.4000244140625,1399.5,1399.199951171875,1399.199951171875,21588.0,bearish
0,1970-01-01 00:00:00.000000305+00:00,1399.300048828125,1399.800048828125,1399.0,1399.0999755859375,43076.0,bearish
0,1970-01-01 00:00:00.000000306+00:00,1399.4000244140625,1400.199951171875,1399.199951171875,1400.0,92083.0,bullish
0,1970-01-01 00:00:00.000000307+00:00,1399.9000244140625,1400.199951171875,1399.199951171875,1399.9000244140625,89051.0,doji
0,1970-01-01 00:00:00.000000308+00:00,1399.9000244140625,1400.0,1399.4000244140625,1400.0,30015.0,bullish
0,1970-01-01 00:00:00.000000309+00:00,1399.9000244140625,1400.5,1399.800048828125,1400.4000244140625,57999.0,bullish
0,1970-01-01 00:00:00.000000310+00:00,1400.4000244140625,1400.5,1399.5999755859375,1399.9000244140625,46102.0,bearish
0,1970-01-01 00:00:00.000000311+00:00,1399.9000244140625,1399.9000244140625,1398.5999755859375,1399.0999755859375,19979.0,bearish
0,1970-01-01 00:00:00.000000312+00:00,1399.0999755859375,1399.5,1398.5999755859375,1398.9000244140625,12847.0,bearish
0,1970-01-01 00:00:00.000000313+00:00,1398.9000244140625,1399.300048828125,1398.0,1399.199951171875,22184.0,bullish
0,1970-01-01 00:00:00.000000314+00:00,1399.300048828125,1399.5,1399.199951171875,1399.300048828125,13086.0,doji
0,1970-01-01 00:00:00.000000315+00:00,1399.4000244140625,1399.4000244140625,1399.199951171875,1399.199951171875,18568.0,bearish
0,1970-01-01 00:00:00.000000316+00:00,1399.300048828125,1399.800048828125,1399.0999755859375,1399.800048828125,16002.0,bullish
0,1970-01-01 00:00:00.000000317+00:00,1399.699951171875,1399.699951171875,1399.0999755859375,1399.199951171875,19142.0,bearish
0,1970-01-01 00:00:00.000000318+00:00,1399.5,1399.5999755859375,1399.0999755859375,1399.199951171875,22177.0,bearish
0,1970-01-01 00:00:00.000000319+00:00,1399.0999755859375,1399.800048828125,1399.0,1399.800048828125,47457.0,bullish
0,1970-01-01 00:00:00.000000320+00:00,1399.800048828125,1400.300048828125,1399.5,1399.800048828125,47134.0,doji
0,1970-01-01 00:00:00.000000321+00:00,1399.800048828125,1399.9000244140625,1398.9000244140625,1398.9000244140625,14577.0,bearish
0,1970-01-01 00:00:00.000000322+00:00,1398.9000244140625,1398.9000244140625,1398.300048828125,1398.5,10826.0,bearish
0,1970-01-01 00:00:00.000000323+00:00,1398.5999755859375,1398.800048828125,1397.800048828125,1398.4000244140625,27545.0,bearish
0,1970-01-01 00:00:00.000000324+00:00,1398.0,1398.9000244140625,1397.800048828125,1398.9000244140625,15302.0,bullish
0,1970-01-01 00:00:00.000000325+00:00,1398.5,1398.9000244140625,1398.4000244140625,1398.699951171875,8332.0,bullish
0,1970-01-01 00:00:00.000000326+00:00,1398.5999755859375,1398.699951171875,1398.300048828125,1398.5,8393.0,bearish
0,1970-01-01 00:00:00.000000327+00:00,1398.5,1398.5,1398.0999755859375,1398.199951171875,13612.0,bearish
0,1970-01-01 00:00:00.000000328+00:00,1398.199951171875,1398.199951171875,1397.4000244140625,1397.800048828125,52336.0,bearish
0,1970-01-01 00:00:00.000000329+00:00,1397.699951171875,1397.9000244140625,1397.699951171875,1397.9000244140625,10187.0,bullish
0,1970-01-01 00:00:00.000000330+00:00,1397.9000244140625,1398.5,1397.9000244140625,1398.300048828125,21865.0,bullish
0,1970-01-01 00:00:00.000000331+00:00,1398.4000244140625,1398.5,1398.4000244140625,1398.5,9197.0,bullish
0,1970-01-01 00:00:00.000000332+00:00,1398.5,1398.5999755859375,1398.0999755859375,1398.0999755859375,17841.0,bearish
0,1970-01-01 00:00:00.000000333+00:00,1398.0999755859375,1398.199951171875,1397.300048828125,1397.300048828125,28080.0,bearish
0,1970-01-01 00:00:00.000000334+00:00,1397.199951171875,1397.199951171875,1396.4000244140625,1396.800048828125,89803.0,bearish
0,1970-01-01 00:00:00.000000335+00:00,1396.800048828125,1398.0,1396.5999755859375,1397.9000244140625,36466.0,bullish
0,1970-01-01 00:00:00.000000336+00:00,1398.0,1399.0,1398.0,1399.0,25536.0,bullish
0,1970-01-01 00:00:00.000000337+00:00,1399.0,1399.199951171875,1396.800048828125,1397.0999755859375,54563.0,bearish
0,1970-01-01 00:00:00.000000338+00:00,1397.4000244140625,1398.5,1397.4000244140625,1398.5,26451.0,bullish
0,1970-01-01 00:00:00.000000339+00:00,1398.5,1398.5999755859375,1397.699951171875,1398.0,18422.0,bearish
0,1970-01-01 00:00:00.000000340+00:00,1398.0,1398.0999755859375,1398.0,1398.0999755859375,29471.0,bullish
0,1970-01-01 00:00:00.000000341+00:00,1398.0,1398.0999755859375,1397.4000244140625,1397.4000244140625,12799.0,bearish
0,1970-01-01 00:00:00.000000342+00:00,1397.199951171875,1397.300048828125,1396.300048828125,1396.300048828125,37657.0,bearish
0,1970-01-01 00:00:00.000000343+00:00,1396.199951171875,1396.300048828125,1394.800048828125,1394.9000244140625,170434.0,bearish
0,1970-01-01 00:00:00.000000344+00:00,1394.9000244140625,1395.0,1394.300048828125,1394.5,53144.0,bearish
0,1970-01-01 00:00:00.000000345+00:00,1394.5,1394.699951171875,1393.0999755859375,1393.9000244140625,161988.0,bearish
0,1970-01-01 00:00:00.000000346+00:00,1394.0,1394.5,1393.699951171875,1394.199951171875,42319.0,bullish
0,1970-01-01 00:00:00.000000347+00:00,1394.199951171875,1394.300048828125,1393.199951171875,1393.300048828125,56839.0,bearish
0,1970-01-01 00:00:00.000000348+00:00,1393.4000244140625,1393.4000244140625,1392.0,1392.0,77662.0,bearish
0,1970-01-01 00:00:00.000000349+00:00,1392.0,1392.4000244140625,1391.0999755859375,1392.0999755859375,173356.0,bullish
0,1970-01-01 00:00:00.000000350+00:00,1392.300048828125,1392.300048828125,1391.0999755859375,1391.0999755859375,112128.0,bearish
0,1970-01-01 00:00:00.000000351+00:00,1391.4000244140625,1391.4000244140625,1390.4000244140625,1390.9000244140625,96350.0,bearish
0,1970-01-01 00:00:00.000000352+00:00,1390.800048828125,1390.800048828125,1390.300048828125,1390.699951171875,75927.0,bearish
0,1970-01-01 00:00:00.000000353+00:00,1390.699951171875,1390.9000244140625,1390.0999755859375,1390.9000244140625,117280.0,bullish
0,1970-01-01 00:00:00.000000354+00:00,1390.9000244140625,1391.0,1390.0999755859375,1390.5,138588.0,bearish
0,1970-01-01 00:00:00.000000355+00:00,1390.5999755859375,1391.0,1390.199951171875,1390.4000244140625,98212.0,bearish
0,1970-01-01 00:00:00.000000356+00:00,1390.4000244140625,1390.5,1389.0999755859375,1389.5999755859375,100822.0,bearish
0,1970-01-01 00:00:00.000000357+00:00,1389.5999755859375,1390.4000244140625,1389.5999755859375,1389.699951171875,101774.0,bullish
0,1970-01-01 00:00:00.000000358+00:00,1389.800048828125,1390.5,1388.699951171875,1389.0,229287.0,bearish
0,1970-01-01 00:00:00.000000359+00:00,1389.0,1389.199951171875,1387.4000244140625,1387.800048828125,299252.0,bearish
0,1970-01-01 00:00:00.000000360+00:00,1387.699951171875,1389.0,1387.5999755859375,1388.5999755859375,244016.0,bullish
0,1970-01-01 00:00:00.000000361+00:00,1388.5999755859375,1388.699951171875,1386.699951171875,1387.199951171875,121092.0,bearish
0,1970-01-01 00:00:00.000000362+00:00,1387.199951171875,1388.199951171875,1386.9000244140625,1387.300048828125,119295.0,bullish
0,1970-01-01 00:00:00.000000363+00:00,1387.300048828125,1387.5,1386.800048828125,1387.4000244140625,96549.0,bullish
0,1970-01-01 00:00:00.000000364+00:00,1387.4000244140625,1387.699951171875,1387.199951171875,1387.5999755859375,93124.0,bullish
0,1970-01-01 00:00:00.000000365+00:00,1387.5,1387.5999755859375,1387.199951171875,1387.4000244140625,71141.0,bearish
0,1970-01-01 00:00:00.000000366+00:00,1387.4000244140625,1388.0,1387.300048828125,1388.0,132213.0,bullish
0,1970-01-01 00:00:00.000000367+00:00,1388.0,1388.0,1387.0,1387.5999755859375,117964.0,bearish
0,1970-01-01 00:00:00.000000368+00:00,1387.800048828125,1387.9000244140625,1386.300048828125,1386.9000244140625,116246.0,bearish
0,1970-01-01 00:00:00.000000369+00:00,1387.0999755859375,1387.300048828125,1386.4000244140625,1386.9000244140625,119767.0,bearish
0,1970-01-01 00:00:00.000000370+00:00,1386.9000244140625,1387.800048828125,1385.199951171875,1386.0999755859375,439462.0,bearish
0,1970-01-01 00:00:00.000000371+00:00,1386.0999755859375,1386.9000244140625,1384.699951171875,1386.699951171875,149470.0,bullish
0,1970-01-01 00:00:00.000000372+00:00,1386.699951171875,1386.699951171875,1384.800048828125,1385.0,160288.0,bearish
0,1970-01-01 00:00:00.000000373+00:00,1384.699951171875,1385.800048828125,1382.5999755859375,1383.9000244140625,345926.0,bearish
0,1970-01-01 00:00:00.000000374+00:00,1383.9000244140625,1385.9000244140625,1382.699951171875,1385.0,168108.0,bullish
0,1970-01-01 00:00:00.000000375+00:00,1392.0,1392.300048828125,1389.800048828125,1391.0,0.0,bearish
0,1970-01-01 00:00:00.000000376+00:00,1390.5999755859375,1390.9000244140625,1388.5,1390.4000244140625,271464.0,bearish
0,1970-01-01 00:00:00.000000377+00:00,1390.5999755859375,1391.199951171875,1387.4000244140625,1389.0999755859375,191165.0,bearish
0,1970-01-01 00:00:00.000000378+00:00,1389.5,1391.0999755859375,1388.9000244140625,1390.0999755859375,200419.0,bullish
0,1970-01-01 00:00:00.000000379+00:00,1390.0,1391.5,1389.0999755859375,1391.5,315288.0,bullish
0,1970-01-01 00:00:00.000000380+00:00,1391.199951171875,1391.300048828125,1389.4000244140625,1389.699951171875,172853.0,bearish
0,1970-01-01 00:00:00.000000381+00:00,1389.699951171875,1390.199951171875,1388.5999755859375,1388.5999755859375,178335.0,bearish
0,1970-01-01 00:00:00.000000382+00:00,1388.5999755859375,1389.800048828125,1387.5,1387.699951171875,160224.0,bearish
0,1970-01-01 00:00:00.000000383+00:00,1387.699951171875,1388.199951171875,1385.199951171875,1385.199951171875,198478.0,bearish
0,1970-01-01 00:00:00.000000384+00:00,1385.800048828125,1386.5999755859375,1385.199951171875,1385.800048828125,113405.0,doji
0,1970-01-01 00:00:00.000000385+00:00,1385.699951171875,1387.5,1383.800048828125,1387.5,110088.0,bullish
0,1970-01-01 00:00:00.000000386+00:00,1388.300048828125,1388.300048828125,1384.4000244140625,1385.0,104040.0,bearish
0,1970-01-01 00:00:00.000000387+00:00,1384.699951171875,1385.199951171875,1381.199951171875,1382.9000244140625,182729.0,bearish
0,1970-01-01 00:00:00.000000388+00:00,1382.800048828125,1383.300048828125,1381.300048828125,1381.699951171875,38437.0,bearish
0,1970-01-01 00:00:00.000000389+00:00,1382.0,1383.5999755859375,1381.699951171875,1382.800048828125,41269.0,bullish
0,1970-01-01 00:00:00.000000390+00:00,1382.800048828125,1383.0,1381.800048828125,1383.0,66260.0,bullish
0,1970-01-01 00:00:00.000000391+00:00,1383.5,1384.699951171875,1382.5999755859375,1382.9000244140625,37194.0,bearish
0,1970-01-01 00:00:00.000000392+00:00,1383.0,1383.199951171875,1382.0999755859375,1382.300048828125,63747.0,bearish
0,1970-01-01 00:00:00.000000393+00:00,1382.199951171875,1382.199951171875,1381.199951171875,1382.0999755859375,31576.0,bearish
0,1970-01-01 00:00:00.000000394+00:00,1382.199951171875,1383.199951171875,1382.0,1383.0,41283.0,bullish
0,1970-01-01 00:00:00.000000395+00:00,1383.4000244140625,1384.5,1383.0999755859375,1384.0999755859375,24521.0,bullish
0,1970-01-01 00:00:00.000000396+00:00,1384.0999755859375,1384.199951171875,1381.5,1381.5,66392.0,bearish
0,1970-01-01 00:00:00.000000397+00:00,1382.0999755859375,1383.9000244140625,1382.0,1383.9000244140625,39836.0,bullish
0,1970-01-01 00:00:00.000000398+00:00,1383.9000244140625,1383.9000244140625,1381.300048828125,1381.5999755859375,59994.0,bearish
0,1970-01-01 00:00:00.000000399+00:00,1382.0,1382.800048828125,1381.5999755859375,1382.699951171875,22532.0,bullish
0,1970-01-01 00:00:00.000000400+00:00,1382.800048828125,1383.0,1382.5,1383.0,14939.0,bullish
0,1970-01-01 00:00:00.000000401+00:00,1383.0999755859375,1383.800048828125,1382.5999755859375,1382.5999755859375,22794.0,bearish
0,1970-01-01 00:00:00.000000402+00:00,1382.5,1383.699951171875,1382.5,1383.699951171875,21399.0,bullish
0,1970-01-01 00:00:00.000000403+00:00,1383.5999755859375,1383.800048828125,1382.4000244140625,1382.4000244140625,38391.0,bearish
0,1970-01-01 00:00:00.000000404+00:00,1382.699951171875,1382.9000244140625,1382.300048828125,1382.9000244140625,14844.0,bullish
0,1970-01-01 00:00:00.000000405+00:00,1382.9000244140625,1383.0999755859375,1382.5999755859375,1382.9000244140625,13697.0,doji
0,1970-01-01 00:00:00.000000406+00:00,1383.4000244140625,1383.9000244140625,1383.4000244140625,1383.9000244140625,27521.0,bullish
0,1970-01-01 00:00:00.000000407+00:00,1383.0999755859375,1384.199951171875,1383.0999755859375,1383.5,26248.0,bullish
0,1970-01-01 00:00:00.000000408+00:00,1382.9000244140625,1383.699951171875,1382.9000244140625,1383.5999755859375,30804.0,bullish
0,1970-01-01 00:00:00.000000409+00:00,1383.699951171875,1383.699951171875,1383.4000244140625,1383.5999755859375,9002.0,bearish
0,1970-01-01 00:00:00.000000410+00:00,1383.699951171875,1383.699951171875,1383.0999755859375,1383.199951171875,20984.0,bearish
0,1970-01-01 00:00:00.000000411+00:00,1383.300048828125,1383.9000244140625,1383.0999755859375,1383.199951171875,30839.0,bearish
0,1970-01-01 00:00:00.000000412+00:00,1383.0999755859375,1383.699951171875,1382.9000244140625,1383.5,32033.0,bullish
0,1970-01-01 00:00:00.000000413+00:00,1383.5,1384.5,1383.4000244140625,1383.800048828125,30982.0,bullish
0,1970-01-01 00:00:00.000000414+00:00,1384.0,1384.199951171875,1383.5,1384.199951171875,17649.0,bullish
0,1970-01-01 00:00:00.000000415+00:00,1384.5,1388.300048828125,1384.5,1387.5,55138.0,bullish
0,1970-01-01 00:00:00.000000416+00:00,1387.699951171875,1387.699951171875,1383.9000244140625,1384.9000244140625,353584.0,bearish
0,1970-01-01 00:00:00.000000417+00:00,1384.699951171875,1384.800048828125,1382.800048828125,1383.199951171875,41798.0,bearish
0,1970-01-01 00:00:00.000000418+00:00,1383.0999755859375,1383.699951171875,1382.9000244140625,1383.5,36273.0,bullish
0,1970-01-01 00:00:00.000000419+00:00,1383.5999755859375,1383.5999755859375,1382.9000244140625,1383.5,26897.0,bearish
0,1970-01-01 00:00:00.000000420+00:00,1383.5,1383.5999755859375,1383.0,1383.300048828125,11982.0,bearish
0,1970-01-01 00:00:00.000000421+00:00,1383.4000244140625,1383.800048828125,1383.199951171875,1383.300048828125,25222.0,bearish
0,1970-01-01 00:00:00.000000422+00:00,1383.4000244140625,1383.5999755859375,1383.300048828125,1383.5,8105.0,bullish
0,1970-01-01 00:00:00.000000423+00:00,1383.800048828125,1383.9000244140625,1382.9000244140625,1383.199951171875,20199.0,bearish
0,1970-01-01 00:00:00.000000424+00:00,1382.699951171875,1383.0,1382.0,1382.4000244140625,14270.0,bearish
0,1970-01-01 00:00:00.000000425+00:00,1382.800048828125,1382.800048828125,1381.699951171875,1382.199951171875,43502.0,bearish
0,1970-01-01 00:00:00.000000426+00:00,1382.199951171875,1382.5,1381.699951171875,1382.5,16084.0,bullish
0,1970-01-01 00:00:00.000000427+00:00,1382.5999755859375,1383.0,1380.5999755859375,1380.699951171875,48252.0,bearish
0,1970-01-01 00:00:00.000000428+00:00,1381.0,1381.199951171875,1380.5,1380.699951171875,16889.0,bearish
0,1970-01-01 00:00:00.000000429+00:00,1380.699951171875,1380.800048828125,1380.0999755859375,1380.0999755859375,19199.0,bearish
0,1970-01-01 00:00:00.000000430+00:00,1379.199951171875,1379.199951171875,1377.5,1377.9000244140625,77083.0,bearish
0,1970-01-01 00:00:00.000000431+00:00,1378.300048828125,1379.199951171875,1378.0999755859375,1378.5999755859375,38012.0,bullish
0,1970-01-01 00:00:00.000000432+00:00,1378.5999755859375,1378.800048828125,1377.5,1377.699951171875,46468.0,bearish
0,1970-01-01 00:00:00.000000433+00:00,1377.699951171875,1379.699951171875,1377.5999755859375,1379.0999755859375,37044.0,bullish
0,1970-01-01 00:00:00.000000434+00:00,1379.4000244140625,1380.9000244140625,1379.4000244140625,1380.300048828125,48737.0,bullish
0,1970-01-01 00:00:00.000000435+00:00,1380.300048828125,1381.0999755859375,1380.0999755859375,1381.0999755859375,9639.0,bullish
0,1970-01-01 00:00:00.000000436+00:00,1381.199951171875,1381.199951171875,1380.5,1381.0,33407.0,bearish
0,1970-01-01 00:00:00.000000437+00:00,1381.0999755859375,1381.800048828125,1381.0,1381.800048828125,22208.0,bullish
0,1970-01-01 00:00:00.000000438+00:00,1381.5999755859375,1381.800048828125,1380.9000244140625,1381.800048828125,45963.0,bullish
0,1970-01-01 00:00:00.000000439+00:00,1381.800048828125,1382.5999755859375,1381.0999755859375,1382.5999755859375,34289.0,bullish
0,1970-01-01 00:00:00.000000440+00:00,1382.699951171875,1383.5999755859375,1382.699951171875,1383.300048828125,43148.0,bullish
0,1970-01-01 00:00:00.000000441+00:00,1383.300048828125,1383.800048828125,1382.0999755859375,1382.5999755859375,39603.0,bearish
0,1970-01-01 00:00:00.000000442+00:00,1382.5999755859375,1383.699951171875,1381.699951171875,1383.699951171875,44275.0,bullish
0,1970-01-01 00:00:00.000000443+00:00,1383.699951171875,1383.699951171875,1382.300048828125,1382.800048828125,17741.0,bearish
0,1970-01-01 00:00:00.000000444+00:00,1382.800048828125,1383.0999755859375,1382.0,1382.199951171875,13436.0,bearish
0,1970-01-01 00:00:00.000000445+00:00,1382.300048828125,1382.300048828125,1381.4000244140625,1381.4000244140625,9217.0,bearish
0,1970-01-01 00:00:00.000000446+00:00,1381.699951171875,1382.5999755859375,1381.4000244140625,1381.800048828125,15722.0,bullish
0,1970-01-01 00:00:00.000000447+00:00,1381.9000244140625,1381.9000244140625,1381.300048828125,1381.300048828125,8060.0,bearish
0,1970-01-01 00:00:00.000000448+00:00,1381.300048828125,1381.300048828125,1380.4000244140625,1380.5,12162.0,bearish
0,1970-01-01 00:00:00.000000449+00:00,1380.699951171875,1382.5999755859375,1380.5999755859375,1382.0999755859375,15877.0,bullish
0,1970-01-01 00:00:00.000000450+00:00,1382.0999755859375,1382.5999755859375,1382.0,1382.0999755859375,22440.0,doji
0,1970-01-01 00:00:00.000000451+00:00,1382.0999755859375,1383.5,1382.0,1383.199951171875,21318.0,bullish
0,1970-01-01 00:00:00.000000452+00:00,1383.0999755859375,1383.300048828125,1383.0999755859375,1383.300048828125,4885.0,bullish
0,1970-01-01 00:00:00.000000453+00:00,1383.300048828125,1383.300048828125,1382.300048828125,1382.4000244140625,19839.0,bearish
0,1970-01-01 00:00:00.000000454+00:00,1382.300048828125,1382.699951171875,1382.300048828125,1382.699951171875,6630.0,bullish
0,1970-01-01 00:00:00.000000455+00:00,1382.800048828125,1382.9000244140625,1382.0999755859375,1382.800048828125,14195.0,doji
0,1970-01-01 00:00:00.000000456+00:00,1382.800048828125,1383.5,1382.800048828125,1383.199951171875,22730.0,bullish
0,1970-01-01 00:00:00.000000457+00:00,1383.0999755859375,1383.199951171875,1382.0999755859375,1382.199951171875,8890.0,bearish
0,1970-01-01 00:00:00.000000458+00:00,1382.300048828125,1382.4000244140625,1382.199951171875,1382.199951171875,6002.0,bearish
0,1970-01-01 00:00:00.000000459+00:00,1382.300048828125,1383.199951171875,1382.300048828125,1383.199951171875,11367.0,bullish
0,1970-01-01 00:00:00.000000460+00:00,1382.0999755859375,1383.0999755859375,1382.0999755859375,1382.699951171875,221412.0,bullish
0,1970-01-01 00:00:00.000000461+00:00,1382.699951171875,1383.0,1382.4000244140625,1382.800048828125,20856.0,bullish
0,1970-01-01 00:00:00.000000462+00:00,1382.800048828125,1383.5,1382.5,1383.0,63453.0,bullish
0,1970-01-01 00:00:00.000000463+00:00,1383.5,1383.9000244140625,1382.699951171875,1382.699951171875,138536.0,bearish
0,1970-01-01 00:00:00.000000464+00:00,1382.699951171875,1382.9000244140625,1382.0,1382.4000244140625,9251.0,bearish
0,1970-01-01 00:00:00.000000465+00:00,1382.4000244140625,1382.800048828125,1382.300048828125,1382.5,9914.0,bullish
0,1970-01-01 00:00:00.000000466+00:00,1382.5999755859375,1382.5999755859375,1382.0,1382.199951171875,17385.0,bearish
0,1970-01-01 00:00:00.000000467+00:00,1381.9000244140625,1382.300048828125,1381.5,1382.199951171875,24289.0,bullish
0,1970-01-01 00:00:00.000000468+00:00,1382.300048828125,1382.800048828125,1382.199951171875,1382.300048828125,20741.0,doji
0,1970-01-01 00:00:00.000000469+00:00,1382.4000244140625,1382.9000244140625,1382.0999755859375,1382.9000244140625,4459.0,bullish
0,1970-01-01 00:00:00.000000470+00:00,1383.0,1383.5,1382.699951171875,1383.300048828125,12315.0,bullish
0,1970-01-01 00:00:00.000000471+00:00,1383.0,1383.5,1382.300048828125,1383.199951171875,22865.0,bullish
0,1970-01-01 00:00:00.000000472+00:00,1382.699951171875,1383.9000244140625,1382.5999755859375,1383.0,76224.0,bullish
0,1970-01-01 00:00:00.000000473+00:00,1383.0,1383.4000244140625,1382.4000244140625,1383.300048828125,23973.0,bullish
0,1970-01-01 00:00:00.000000474+00:00,1383.300048828125,1383.5999755859375,1383.199951171875,1383.4000244140625,8203.0,bullish
0,1970-01-01 00:00:00.000000475+00:00,1383.5,1383.5,1382.5,1383.0999755859375,14665.0,bearish
0,1970-01-01 00:00:00.000000476+00:00,1383.300048828125,1383.4000244140625,1382.9000244140625,1382.9000244140625,18881.0,bearish
0,1970-01-01 00:00:00.000000477+00:00,1382.9000244140625,1383.4000244140625,1382.800048828125,1383.199951171875,16088.0,bullish
0,1970-01-01 00:00:00.000000478+00:00,1383.199951171875,1383.5,1383.0999755859375,1383.5,6646.0,bullish
0,1970-01-01 00:00:00.000000479+00:00,1383.5,1383.9000244140625,1383.199951171875,1383.9000244140625,18207.0,bullish
0,1970-01-01 00:00:00.000000480+00:00,1383.9000244140625,1384.0,1383.5,1383.800048828125,25127.0,bearish
0,1970-01-01 00:00:00.000000481+00:00,1383.9000244140625,1384.0,1383.4000244140625,1383.5,42399.0,bearish
0,1970-01-01 00:00:00.000000482+00:00,1383.4000244140625,1383.4000244140625,1383.0,1383.4000244140625,10169.0,doji
0,1970-01-01 00:00:00.000000483+00:00,1383.4000244140625,1383.5,1382.5999755859375,1383.5,25695.0,bullish
0,1970-01-01 00:00:00.000000484+00:00,1383.0,1383.9000244140625,1383.0,1383.699951171875,16207.0,bullish
0,1970-01-01 00:00:00.000000485+00:00,1383.699951171875,1383.9000244140625,1383.5,1383.699951171875,9256.0,doji
0,1970-01-01 00:00:00.000000486+00:00,1383.800048828125,1383.9000244140625,1383.199951171875,1383.300048828125,11934.0,bearish
0,1970-01-01 00:00:00.000000487+00:00,1383.5,1383.800048828125,1383.300048828125,1383.699951171875,8723.0,bullish
0,1970-01-01 00:00:00.000000488+00:00,1383.5999755859375,1384.0,1383.5,1384.0,39330.0,bullish
0,1970-01-01 00:00:00.000000489+00:00,1384.0,1384.0,1383.5,1383.699951171875,13250.0,bearish
0,1970-01-01 00:00:00.000000490+00:00,1383.699951171875,1384.0,1383.5,1384.0,11637.0,bullish
0,1970-01-01 00:00:00.000000491+00:00,1383.800048828125,1384.0,1383.699951171875,1383.699951171875,12494.0,bearish
0,1970-01-01 00:00:00.000000492+00:00,1384.0,1384.0,1383.699951171875,1383.800048828125,14955.0,bearish
0,1970-01-01 00:00:00.000000493+00:00,1383.9000244140625,1385.5,1383.9000244140625,1385.5,481985.0,bullish
0,1970-01-01 00:00:00.000000494+00:00,1385.5,1386.5,1385.300048828125,1386.0,30578.0,bullish
0,1970-01-01 00:00:00.000000495+00:00,1386.4000244140625,1387.0,1385.9000244140625,1387.0,24862.0,bullish
0,1970-01-01 00:00:00.000000496+00:00,1387.0,1388.5,1387.0,1388.0,53851.0,bullish
0,1970-01-01 00:00:00.000000497+00:00,1388.0999755859375,1389.4000244140625,1387.5999755859375,1389.4000244140625,32924.0,bullish
0,1970-01-01 00:00:00.000000498+00:00,1390.0,1391.300048828125,1390.0,1391.0999755859375,110637.0,bullish
0,1970-01-01 00:00:00.000000499+00:00,1391.300048828125,1391.5999755859375,1389.4000244140625,1390.0,71814.0,bearish
0,1970-01-01 00:00:00.000000500+00:00,1390.0,1391.5,1389.800048828125,1391.5,40310.0,bullish
0,1970-01-01 00:00:00.000000501+00:00,1391.5,1393.4000244140625,1391.5,1392.5,81171.0,bullish
0,1970-01-01 00:00:00.000000502+00:00,1392.800048828125,1392.800048828125,1390.9000244140625,1391.199951171875,59387.0,bearish
0,1970-01-01 00:00:00.000000503+00:00,1391.0999755859375,1391.699951171875,1390.300048828125,1391.4000244140625,61737.0,bullish
0,1970-01-01 00:00:00.000000504+00:00,1391.5,1391.9000244140625,1390.199951171875,1390.199951171875,28724.0,bearish
0,1970-01-01 00:00:00.000000505+00:00,1390.300048828125,1390.800048828125,1390.199951171875,1390.699951171875,10982.0,bullish
0,1970-01-01 00:00:00.000000506+00:00,1390.800048828125,1390.800048828125,1389.199951171875,1389.800048828125,22589.0,bearish
0,1970-01-01 00:00:00.000000507+00:00,1389.4000244140625,1390.800048828125,1389.199951171875,1390.800048828125,59899.0,bullish
0,1970-01-01 00:00:00.000000508+00:00,1390.800048828125,1391.0,1390.0999755859375,1390.5999755859375,22665.0,bearish
0,1970-01-01 00:00:00.000000509+00:00,1390.5999755859375,1391.0,1388.4000244140625,1388.699951171875,65442.0,bearish
0,1970-01-01 00:00:00.000000510+00:00,1388.0,1388.300048828125,1387.5,1387.699951171875,23078.0,bearish
0,1970-01-01 00:00:00.000000511+00:00,1387.699951171875,1388.4000244140625,1387.5999755859375,1387.5999755859375,50201.0,bearish
0,1970-01-01 00:00:00.000000512+00:00,1388.199951171875,1388.4000244140625,1387.5,1387.5,36032.0,bearish
0,1970-01-01 00:00:00.000000513+00:00,1387.800048828125,1388.5999755859375,1387.300048828125,1388.199951171875,15585.0,bullish
0,1970-01-01 00:00:00.000000514+00:00,1388.5999755859375,1388.699951171875,1388.0,1388.199951171875,23084.0,bearish
0,1970-01-01 00:00:00.000000515+00:00,1388.0999755859375,1388.4000244140625,1386.5,1386.699951171875,22519.0,bearish
0,1970-01-01 00:00:00.000000516+00:00,1387.300048828125,1387.9000244140625,1386.699951171875,1387.5999755859375,14262.0,bullish
0,1970-01-01 00:00:00.000000517+00:00,1387.5999755859375,1388.199951171875,1386.5,1386.5999755859375,50471.0,bearish
0,1970-01-01 00:00:00.000000518+00:00,1387.0,1387.199951171875,1386.199951171875,1387.0,13326.0,doji
0,1970-01-01 00:00:00.000000519+00:00,1387.0,1388.0,1386.9000244140625,1387.5999755859375,37641.0,bullish
0,1970-01-01 00:00:00.000000520+00:00,1387.800048828125,1388.0,1387.0999755859375,1387.9000244140625,20830.0,bullish
0,1970-01-01 00:00:00.000000521+00:00,1388.0999755859375,1389.699951171875,1388.0999755859375,1388.800048828125,29810.0,bullish
0,1970-01-01 00:00:00.000000522+00:00,1389.0999755859375,1389.5,1388.300048828125,1388.9000244140625,40180.0,bearish
0,1970-01-01 00:00:00.000000523+00:00,1389.0999755859375,1389.199951171875,1388.300048828125,1388.4000244140625,19950.0,bearish
0,1970-01-01 00:00:00.000000524+00:00,1388.4000244140625,1389.0,1388.0999755859375,1388.800048828125,19572.0,bullish
0,1970-01-01 00:00:00.000000525+00:00,1389.0,1389.0,1388.5999755859375,1388.5999755859375,30154.0,bearish
0,1970-01-01 00:00:00.000000526+00:00,1388.699951171875,1388.800048828125,1388.5,1388.800048828125,26296.0,bullish
0,1970-01-01 00:00:00.000000527+00:00,1388.800048828125,1389.0,1388.5,1389.0,15659.0,bullish
0,1970-01-01 00:00:00.000000528+00:00,1389.0,1389.0,1388.0,1388.0999755859375,26261.0,bearish
0,1970-01-01 00:00:00.000000529+00:00,1388.0,1389.0,1388.0,1389.0,20965.0,bullish
0,1970-01-01 00:00:00.000000530+00:00,1389.0,1389.0,1388.0999755859375,1388.0999755859375,22381.0,bearish
0,1970-01-01 00:00:00.000000531+00:00,1388.0,1388.699951171875,1387.9000244140625,1388.4000244140625,24762.0,bullish
0,1970-01-01 00:00:00.000000532+00:00,1388.5999755859375,1389.199951171875,1388.4000244140625,1389.199951171875,20637.0,bullish
0,1970-01-01 00:00:00.000000533+00:00,1389.199951171875,1389.300048828125,1388.5999755859375,1389.0999755859375,35435.0,bearish
0,1970-01-01 00:00:00.000000534+00:00,1389.300048828125,1390.0,1389.0999755859375,1389.5,54164.0,bullish
0,1970-01-01 00:00:00.000000535+00:00,1389.800048828125,1390.0,1389.0999755859375,1389.9000244140625,62534.0,bullish
0,1970-01-01 00:00:00.000000536+00:00,1390.0,1390.0,1389.5,1389.699951171875,24985.0,bearish
0,1970-01-01 00:00:00.000000537+00:00,1389.699951171875,1389.9000244140625,1389.300048828125,1389.800048828125,70697.0,bullish
0,1970-01-01 00:00:00.000000538+00:00,1390.4000244140625,1390.5,1390.0999755859375,1390.5,133468.0,bullish
0,1970-01-01 00:00:00.000000539+00:00,1390.4000244140625,1390.5,1389.0,1389.0,39038.0,bearish
0,1970-01-01 00:00:00.000000540+00:00,1388.9000244140625,1390.0,1388.5,1389.5,59991.0,bullish
0,1970-01-01 00:00:00.000000541+00:00,1389.800048828125,1389.800048828125,1388.9000244140625,1388.9000244140625,21597.0,bearish
0,1970-01-01 00:00:00.000000542+00:00,1388.9000244140625,1388.9000244140625,1388.0,1388.0,26760.0,bearish
0,1970-01-01 00:00:00.000000543+00:00,1388.0999755859375,1388.199951171875,1386.699951171875,1388.0999755859375,41143.0,doji
0,1970-01-01 00:00:00.000000544+00:00,1388.5,1389.0999755859375,1387.699951171875,1387.800048828125,31977.0,bearish
0,1970-01-01 00:00:00.000000545+00:00,1387.800048828125,1387.800048828125,1386.9000244140625,1387.199951171875,17200.0,bearish
0,1970-01-01 00:00:00.000000546+00:00,1387.5,1387.5999755859375,1386.699951171875,1387.0999755859375,16629.0,bearish
0,1970-01-01 00:00:00.000000547+00:00,1387.199951171875,1387.9000244140625,1386.9000244140625,1387.300048828125,23235.0,bullish
0,1970-01-01 00:00:00.000000548+00:00,1387.800048828125,1387.800048828125,1386.0,1386.699951171875,21620.0,bearish
0,1970-01-01 00:00:00.000000549+00:00,1386.699951171875,1386.699951171875,1384.0,1384.699951171875,47033.0,bearish
0,1970-01-01 00:00:00.000000550+00:00,1384.800048828125,1384.800048828125,1383.0,1383.5999755859375,39779.0,bearish
0,1970-01-01 00:00:00.000000551+00:00,1383.699951171875,1383.800048828125,1382.800048828125,1383.0,33530.0,bearish
0,1970-01-01 00:00:00.000000552+00:00,1383.0,1383.0,1380.800048828125,1382.5,72022.0,bearish
0,1970-01-01 00:00:00.000000553+00:00,1382.9000244140625,1383.0,1382.199951171875,1382.5999755859375,30498.0,bearish
0,1970-01-01 00:00:00.000000554+00:00,1383.0,1383.0,1382.199951171875,1383.0,15245.0,doji
0,1970-01-01 00:00:00.000000555+00:00,1382.5,1383.699951171875,1382.300048828125,1383.699951171875,21968.0,bullish
0,1970-01-01 00:00:00.000000556+00:00,1383.699951171875,1383.800048828125,1382.4000244140625,1382.9000244140625,43050.0,bearish
0,1970-01-01 00:00:00.000000557+00:00,1382.699951171875,1384.0,1382.699951171875,1383.0,36195.0,bullish
0,1970-01-01 00:00:00.000000558+00:00,1383.0999755859375,1383.5,1382.5999755859375,1382.699951171875,40991.0,bearish
0,1970-01-01 00:00:00.000000559+00:00,1382.9000244140625,1383.0999755859375,1382.4000244140625,1383.0,25680.0,bullish
0,1970-01-01 00:00:00.000000560+00:00,1383.0999755859375,1383.5,1382.5,1383.0,27964.0,bearish
0,1970-01-01 00:00:00.000000561+00:00,1382.9000244140625,1382.9000244140625,1381.800048828125,1382.0,33194.0,bearish
0,1970-01-01 00:00:00.000000562+00:00,1382.199951171875,1382.300048828125,1381.5,1381.9000244140625,22695.0,bearish
0,1970-01-01 00:00:00.000000563+00:00,1381.9000244140625,1381.9000244140625,1379.199951171875,1379.800048828125,96150.0,bearish
0,1970-01-01 00:00:00.000000564+00:00,1379.800048828125,1380.0,1379.5,1379.9000244140625,48885.0,bullish
0,1970-01-01 00:00:00.000000565+00:00,1380.0,1381.0,1379.5,1380.300048828125,36884.0,bullish
0,1970-01-01 00:00:00.000000566+00:00,1380.300048828125,1381.699951171875,1380.0,1380.5,51757.0,bullish
0,1970-01-01 00:00:00.000000567+00:00,1380.5999755859375,1380.5999755859375,1380.4000244140625,1380.5,10837.0,bearish
0,1970-01-01 00:00:00.000000568+00:00,1380.5,1381.5,1380.4000244140625,1381.5,25931.0,bullish
0,1970-01-01 00:00:00.000000569+00:00,1381.0999755859375,1381.9000244140625,1381.0999755859375,1381.0999755859375,12248.0,doji
0,1970-01-01 00:00:00.000000570+00:00,1381.199951171875,1381.199951171875,1379.0999755859375,1379.199951171875,38542.0,bearish
0,1970-01-01 00:00:00.000000571+00:00,1379.300048828125,1380.0,1379.0,1379.800048828125,11930.0,bullish
0,1970-01-01 00:00:00.000000572+00:00,1379.5999755859375,1380.4000244140625,1378.699951171875,1378.699951171875,84487.0,bearish
0,1970-01-01 00:00:00.000000573+00:00,1379.0,1379.0,1378.5,1379.0,29416.0,doji
0,1970-01-01 00:00:00.000000574+00:00,1379.0,1379.0999755859375,1378.5999755859375,1379.0,14273.0,doji
0,1970-01-01 00:00:00.000000575+00:00,1379.0,1379.0,1378.0,1378.5999755859375,32961.0,bearish
0,1970-01-01 00:00:00.000000576+00:00,1379.0,1379.800048828125,1378.4000244140625,1378.5,24341.0,bearish
0,1970-01-01 00:00:00.000000577+00:00,1379.0,1379.0,1377.0999755859375,1378.0,67049.0,bearish
0,1970-01-01 00:00:00.000000578+00:00,1378.199951171875,1379.4000244140625,1377.4000244140625,1379.4000244140625,80167.0,bullish
0,1970-01-01 00:00:00.000000579+00:00,1379.199951171875,1379.5,1378.199951171875,1379.300048828125,31736.0,bullish
0,1970-01-01 00:00:00.000000580+00:00,1379.4000244140625,1380.199951171875,1379.300048828125,1379.5,28065.0,bullish
0,1970-01-01 00:00:00.000000581+00:00,1379.5,1379.5,1378.699951171875,1379.0,16056.0,bearish
0,1970-01-01 00:00:00.000000582+00:00,1379.0,1379.300048828125,1378.4000244140625,1378.800048828125,66923.0,bearish
0,1970-01-01 00:00:00.000000583+00:00,1378.800048828125,1379.800048828125,1378.4000244140625,1379.800048828125,29943.0,bullish
0,1970-01-01 00:00:00.000000584+00:00,1379.9000244140625,1380.0,1379.5,1380.0,12447.0,bullish
0,1970-01-01 00:00:00.000000585+00:00,1380.0,1381.5,1379.800048828125,1381.0999755859375,59158.0,bullish
0,1970-01-01 00:00:00.000000586+00:00,1381.0999755859375,1381.800048828125,1380.800048828125,1381.300048828125,27165.0,bullish
0,1970-01-01 00:00:00.000000587+00:00,1381.4000244140625,1381.4000244140625,1380.5999755859375,1380.5999755859375,28937.0,bearish
0,1970-01-01 00:00:00.000000588+00:00,1380.5,1380.5,1380.300048828125,1380.300048828125,21001.0,bearish
0,1970-01-01 00:00:00.000000589+00:00,1380.4000244140625,1381.0,1380.300048828125,1380.9000244140625,33037.0,bullish
0,1970-01-01 00:00:00.000000590+00:00,1380.9000244140625,1380.9000244140625,1380.5,1380.9000244140625,31121.0,doji
0,1970-01-01 00:00:00.000000591+00:00,1380.800048828125,1381.4000244140625,1380.4000244140625,1381.0999755859375,32710.0,bullish
0,1970-01-01 00:00:00.000000592+00:00,1381.0999755859375,1381.800048828125,1381.0,1381.300048828125,28543.0,bullish
0,1970-01-01 00:00:00.000000593+00:00,1381.4000244140625,1381.4000244140625,1381.0,1381.0999755859375,24704.0,bearish
0,1970-01-01 00:00:00.000000594+00:00,1381.0999755859375,1381.0999755859375,1379.699951171875,1379.699951171875,60193.0,bearish
0,1970-01-01 00:00:00.000000595+00:00,1379.800048828125,1381.199951171875,1379.800048828125,1381.0999755859375,51503.0,bullish
0,1970-01-01 00:00:00.000000596+00:00,1381.0999755859375,1381.0999755859375,1379.300048828125,1379.4000244140625,28404.0,bearish
0,1970-01-01 00:00:00.000000597+00:00,1379.5999755859375,1380.0,1379.0,1379.5,29580.0,bearish
0,1970-01-01 00:00:00.000000598+00:00,1379.5,1380.0,1378.699951171875,1379.699951171875,40241.0,bullish
0,1970-01-01 00:00:00.000000599+00:00,1380.0,1380.0,1378.9000244140625,1379.9000244140625,31264.0,bearish
0,1970-01-01 00:00:00.000000600+00:00,1380.0,1380.0,1379.0,1379.9000244140625,12867.0,bearish
0,1970-01-01 00:00:00.000000601+00:00,1380.0,1380.4000244140625,1379.699951171875,1379.9000244140625,59261.0,bearish
0,1970-01-01 00:00:00.000000602+00:00,1379.9000244140625,1380.0,1379.300048828125,1380.0,21172.0,bullish
0,1970-01-01 00:00:00.000000603+00:00,1380.0,1380.0,1379.5999755859375,1380.0,28590.0,doji
0,1970-01-01 00:00:00.000000604+00:00,1380.0,1380.0,1379.0,1379.4000244140625,24598.0,bearish
0,1970-01-01 00:00:00.000000605+00:00,1379.699951171875,1380.0,1379.0999755859375,1379.199951171875,29382.0,bearish
0,1970-01-01 00:00:00.000000606+00:00,1379.300048828125,1379.699951171875,1378.9000244140625,1379.199951171875,18461.0,bearish
0,1970-01-01 00:00:00.000000607+00:00,1379.4000244140625,1379.800048828125,1378.800048828125,1379.5,37355.0,bullish
0,1970-01-01 00:00:00.000000608+00:00,1379.5999755859375,1379.800048828125,1378.800048828125,1378.9000244140625,17781.0,bearish
0,1970-01-01 00:00:00.000000609+00:00,1378.9000244140625,1379.0999755859375,1378.699951171875,1378.9000244140625,8178.0,doji
0,1970-01-01 00:00:00.000000610+00:00,1378.5,1378.699951171875,1378.199951171875,1378.5,74049.0,doji
0,1970-01-01 00:00:00.000000611+00:00,1378.4000244140625,1378.4000244140625,1376.4000244140625,1376.9000244140625,63935.0,bearish
0,1970-01-01 00:00:00.000000612+00:00,1376.9000244140625,1378.699951171875,1376.5,1378.4000244140625,117838.0,bullish
0,1970-01-01 00:00:00.000000613+00:00,1378.5999755859375,1379.4000244140625,1378.199951171875,1378.4000244140625,72757.0,bearish
0,1970-01-01 00:00:00.000000614+00:00,1378.4000244140625,1379.0,1377.699951171875,1378.300048828125,84956.0,bearish
0,1970-01-01 00:00:00.000000615+00:00,1378.300048828125,1378.800048828125,1378.0999755859375,1378.800048828125,32164.0,bullish
0,1970-01-01 00:00:00.000000616+00:00,1378.9000244140625,1379.5,1378.300048828125,1378.5999755859375,43360.0,bearish
0,1970-01-01 00:00:00.000000617+00:00,1378.5999755859375,1379.4000244140625,1378.4000244140625,1379.300048828125,67880.0,bullish
0,1970-01-01 00:00:00.000000618+00:00,1379.300048828125,1380.300048828125,1378.300048828125,1378.300048828125,87977.0,bearish
0,1970-01-01 00:00:00.000000619+00:00,1378.5999755859375,1378.699951171875,1376.5999755859375,1377.300048828125,157728.0,bearish
0,1970-01-01 00:00:00.000000620+00:00,1377.4000244140625,1377.4000244140625,1375.699951171875,1376.5999755859375,92668.0,bearish
0,1970-01-01 00:00:00.000000621+00:00,1376.9000244140625,1377.4000244140625,1376.5999755859375,1376.699951171875,31452.0,bearish
0,1970-01-01 00:00:00.000000622+00:00,1376.699951171875,1377.0,1375.0,1375.300048828125,47099.0,bearish
0,1970-01-01 00:00:00.000000623+00:00,1375.300048828125,1375.5,1374.4000244140625,1374.699951171875,49318.0,bearish
0,1970-01-01 00:00:00.000000624+00:00,1374.699951171875,1374.800048828125,1374.199951171875,1374.4000244140625,25157.0,bearish
0,1970-01-01 00:00:00.000000625+00:00,1374.699951171875,1375.0,1374.0999755859375,1374.0999755859375,95080.0,bearish
0,1970-01-01 00:00:00.000000626+00:00,1374.800048828125,1375.9000244140625,1374.199951171875,1375.800048828125,114225.0,bullish
0,1970-01-01 00:00:00.000000627+00:00,1375.800048828125,1375.9000244140625,1374.0,1374.0999755859375,121144.0,bearish
0,1970-01-01 00:00:00.000000628+00:00,1374.4000244140625,1375.5,1374.199951171875,1374.800048828125,51557.0,bullish
0,1970-01-01 00:00:00.000000629+00:00,1374.9000244140625,1374.9000244140625,1373.5999755859375,1374.4000244140625,22828.0,bearish
0,1970-01-01 00:00:00.000000630+00:00,1374.4000244140625,1374.699951171875,1373.5,1374.699951171875,28994.0,bullish
0,1970-01-01 00:00:00.000000631+00:00,1374.800048828125,1375.0,1374.199951171875,1375.0,44272.0,bullish
0,1970-01-01 00:00:00.000000632+00:00,1375.0999755859375,1376.4000244140625,1374.9000244140625,1376.4000244140625,41736.0,bullish
0,1970-01-01 00:00:00.000000633+00:00,1376.300048828125,1376.800048828125,1375.5,1375.5,32428.0,bearish
0,1970-01-01 00:00:00.000000634+00:00,1375.5999755859375,1375.5999755859375,1374.9000244140625,1375.0999755859375,48893.0,bearish
0,1970-01-01 00:00:00.000000635+00:00,1375.199951171875,1375.300048828125,1374.0,1374.0,36188.0,bearish
0,1970-01-01 00:00:00.000000636+00:00,1374.300048828125,1374.300048828125,1373.0999755859375,1373.0999755859375,49844.0,bearish
0,1970-01-01 00:00:00.000000637+00:00,1373.0999755859375,1373.800048828125,1372.4000244140625,1372.699951171875,93274.0,bearish
0,1970-01-01 00:00:00.000000638+00:00,1372.699951171875,1374.0,1372.5,1373.4000244140625,39077.0,bullish
0,1970-01-01 00:00:00.000000639+00:00,1373.5,1374.0999755859375,1372.800048828125,1373.800048828125,54823.0,bullish
0,1970-01-01 00:00:00.000000640+00:00,1373.800048828125,1374.5,1373.0,1373.5999755859375,36911.0,bearish
0,1970-01-01 00:00:00.000000641+00:00,1373.5,1374.300048828125,1373.300048828125,1374.300048828125,21336.0,bullish
0,1970-01-01 00:00:00.000000642+00:00,1373.9000244140625,1374.4000244140625,1373.199951171875,1374.4000244140625,52983.0,bullish
0,1970-01-01 00:00:00.000000643+00:00,1374.300048828125,1375.4000244140625,1373.800048828125,1374.5,55056.0,bullish
0,1970-01-01 00:00:00.000000644+00:00,1374.5999755859375,1375.300048828125,1374.0,1374.699951171875,32469.0,bullish
0,1970-01-01 00:00:00.000000645+00:00,1375.0,1375.0,1373.0,1373.0999755859375,48213.0,bearish
0,1970-01-01 00:00:00.000000646+00:00,1372.699951171875,1373.300048828125,1372.4000244140625,1372.9000244140625,40140.0,bullish
0,1970-01-01 00:00:00.000000647+00:00,1372.9000244140625,1374.699951171875,1372.9000244140625,1374.5,27764.0,bullish
0,1970-01-01 00:00:00.000000648+00:00,1374.5,1375.5,1374.5,1375.5,45361.0,bullish
0,1970-01-01 00:00:00.000000649+00:00,1375.5,1375.699951171875,1374.699951171875,1375.0,24592.0,bearish
0,1970-01-01 00:00:00.000000650+00:00,1374.5,1375.0,1374.5,1374.5,19603.0,doji
0,1970-01-01 00:00:00.000000651+00:00,1374.699951171875,1376.0999755859375,1374.5,1376.0999755859375,48484.0,bullish
0,1970-01-01 00:00:00.000000652+00:00,1376.4000244140625,1376.4000244140625,1373.9000244140625,1374.699951171875,51931.0,bearish
0,1970-01-01 00:00:00.000000653+00:00,1374.699951171875,1374.699951171875,1373.0,1373.199951171875,75871.0,bearish
0,1970-01-01 00:00:00.000000654+00:00,1373.199951171875,1373.9000244140625,1372.699951171875,1372.800048828125,40265.0,bearish
0,1970-01-01 00:00:00.000000655+00:00,1373.0,1373.0999755859375,1372.300048828125,1372.5,38638.0,bearish
0,1970-01-01 00:00:00.000000656+00:00,1372.5999755859375,1373.5,1372.4000244140625,1373.300048828125,49706.0,bullish
0,1970-01-01 00:00:00.000000657+00:00,1373.5,1373.5,1372.300048828125,1372.4000244140625,31639.0,bearish
0,1970-01-01 00:00:00.000000658+00:00,1372.4000244140625,1372.9000244140625,1372.0999755859375,1372.300048828125,36704.0,bearish
0,1970-01-01 00:00:00.000000659+00:00,1372.699951171875,1372.699951171875,1372.0,1372.199951171875,15624.0,bearish
0,1970-01-01 00:00:00.000000660+00:00,1372.0999755859375,1372.0999755859375,1370.9000244140625,1371.300048828125,116774.0,bearish
0,1970-01-01 00:00:00.000000661+00:00,1371.4000244140625,1372.0,1370.800048828125,1371.5999755859375,24295.0,bullish
0,1970-01-01 00:00:00.000000662+00:00,1371.800048828125,1373.0,1371.0999755859375,1373.0,43104.0,bullish
0,1970-01-01 00:00:00.000000663+00:00,1373.0,1374.300048828125,1372.800048828125,1373.4000244140625,140461.0,bullish
0,1970-01-01 00:00:00.000000664+00:00,1373.0,1373.5,1372.4000244140625,1373.300048828125,51099.0,bullish
0,1970-01-01 00:00:00.000000665+00:00,1373.5,1373.5,1372.4000244140625,1372.800048828125,76360.0,bearish
0,1970-01-01 00:00:00.000000666+00:00,1373.199951171875,1374.5,1372.800048828125,1374.4000244140625,117373.0,bullish
0,1970-01-01 00:00:00.000000667+00:00,1374.9000244140625,1374.9000244140625,1372.9000244140625,1372.9000244140625,54032.0,bearish
0,1970-01-01 00:00:00.000000668+00:00,1373.300048828125,1373.9000244140625,1372.9000244140625,1373.5,23944.0,bullish
0,1970-01-01 00:00:00.000000669+00:00,1373.800048828125,1373.800048828125,1373.0,1373.5,17814.0,bearish
0,1970-01-01 00:00:00.000000670+00:00,1373.300048828125,1373.9000244140625,1372.800048828125,1373.9000244140625,55859.0,bullish
0,1970-01-01 00:00:00.000000671+00:00,1373.9000244140625,1374.0,1373.0999755859375,1373.199951171875,65461.0,bearish
0,1970-01-01 00:00:00.000000672+00:00,1373.4000244140625,1373.4000244140625,1372.300048828125,1372.9000244140625,26553.0,bearish
0,1970-01-01 00:00:00.000000673+00:00,1372.800048828125,1373.800048828125,1372.800048828125,1373.800048828125,25459.0,bullish
0,1970-01-01 00:00:00.000000674+00:00,1373.800048828125,1373.800048828125,1372.800048828125,1373.0,47977.0,bearish
0,1970-01-01 00:00:00.000000675+00:00,1373.0,1373.9000244140625,1372.5,1373.5999755859375,43601.0,bullish
0,1970-01-01 00:00:00.000000676+00:00,1373.5999755859375,1374.0,1373.0999755859375,1373.5,57981.0,bearish
0,1970-01-01 00:00:00.000000677+00:00,1373.9000244140625,1374.0,1373.199951171875,1374.0,76082.0,bullish
0,1970-01-01 00:00:00.000000678+00:00,1374.0,1374.199951171875,1373.4000244140625,1374.199951171875,81064.0,bullish
0,1970-01-01 00:00:00.000000679+00:00,1374.199951171875,1374.4000244140625,1373.0,1373.5,28986.0,bearish
0,1970-01-01 00:00:00.000000680+00:00,1373.5,1373.5,1372.5999755859375,1372.800048828125,52403.0,bearish
0,1970-01-01 00:00:00.000000681+00:00,1372.800048828125,1372.9000244140625,1372.0,1372.0999755859375,99246.0,bearish
0,1970-01-01 00:00:00.000000682+00:00,1372.0999755859375,1372.9000244140625,1371.699951171875,1372.800048828125,280067.0,bullish
0,1970-01-01 00:00:00.000000683+00:00,1372.800048828125,1373.9000244140625,1372.5999755859375,1373.9000244140625,32523.0,bullish
0,1970-01-01 00:00:00.000000684+00:00,1373.9000244140625,1374.5,1373.5,1373.5999755859375,42083.0,bearish
0,1970-01-01 00:00:00.000000685+00:00,1373.5999755859375,1373.9000244140625,1373.0999755859375,1373.0999755859375,61713.0,bearish
0,1970-01-01 00:00:00.000000686+00:00,1372.5,1372.5,1371.199951171875,1372.0999755859375,98645.0,bearish
0,1970-01-01 00:00:00.000000687+00:00,1372.0999755859375,1372.0999755859375,1370.4000244140625,1371.800048828125,96509.0,bearish
0,1970-01-01 00:00:00.000000688+00:00,1372.0,1372.5,1370.199951171875,1370.5999755859375,45001.0,bearish
0,1970-01-01 00:00:00.000000689+00:00,1370.5999755859375,1371.4000244140625,1370.4000244140625,1371.0999755859375,25022.0,bullish
0,1970-01-01 00:00:00.000000690+00:00,1371.4000244140625,1371.4000244140625,1370.5,1370.5999755859375,28820.0,bearish
0,1970-01-01 00:00:00.000000691+00:00,1370.5999755859375,1371.0,1370.300048828125,1370.300048828125,28220.0,bearish
0,1970-01-01 00:00:00.000000692+00:00,1370.5,1370.5,1369.699951171875,1369.800048828125,54910.0,bearish
0,1970-01-01 00:00:00.000000693+00:00,1369.800048828125,1370.5,1369.5999755859375,1369.9000244140625,96362.0,bullish
0,1970-01-01 00:00:00.000000694+00:00,1369.9000244140625,1370.5,1368.199951171875,1368.699951171875,174685.0,bearish
0,1970-01-01 00:00:00.000000695+00:00,1368.300048828125,1368.5,1367.699951171875,1367.699951171875,76028.0,bearish
0,1970-01-01 00:00:00.000000696+00:00,1367.699951171875,1369.5,1367.5999755859375,1369.199951171875,71411.0,bullish
0,1970-01-01 00:00:00.000000697+00:00,1369.199951171875,1369.199951171875,1368.0,1368.5,44649.0,bearish
0,1970-01-01 00:00:00.000000698+00:00,1368.300048828125,1369.199951171875,1368.199951171875,1369.199951171875,22704.0,bullish
0,1970-01-01 00:00:00.000000699+00:00,1369.0,1369.0,1368.0,1368.0999755859375,45775.0,bearish
0,1970-01-01 00:00:00.000000700+00:00,1368.4000244140625,1369.4000244140625,1367.9000244140625,1368.5,147631.0,bullish
0,1970-01-01 00:00:00.000000701+00:00,1368.4000244140625,1369.0999755859375,1367.9000244140625,1368.4000244140625,102625.0,doji
0,1970-01-01 00:00:00.000000702+00:00,1368.5999755859375,1369.5999755859375,1368.300048828125,1368.5,28782.0,bearish
0,1970-01-01 00:00:00.000000703+00:00,1368.5,1370.5999755859375,1368.4000244140625,1369.5999755859375,67306.0,bullish
0,1970-01-01 00:00:00.000000704+00:00,1369.9000244140625,1370.4000244140625,1369.5,1369.5,37760.0,bearish
0,1970-01-01 00:00:00.000000705+00:00,1369.5999755859375,1369.800048828125,1368.800048828125,1369.300048828125,50620.0,bearish
0,1970-01-01 00:00:00.000000706+00:00,1369.699951171875,1369.699951171875,1368.5999755859375,1368.5999755859375,31963.0,bearish
0,1970-01-01 00:00:00.000000707+00:00,1368.699951171875,1368.699951171875,1368.0999755859375,1368.300048828125,30014.0,bearish
0,1970-01-01 00:00:00.000000708+00:00,1368.300048828125,1369.5999755859375,1368.199951171875,1369.5999755859375,53559.0,bullish
0,1970-01-01 00:00:00.000000709+00:00,1369.5,1369.9000244140625,1367.9000244140625,1368.9000244140625,477171.0,bearish
0,1970-01-01 00:00:00.000000710+00:00,1369.5,1370.699951171875,1368.800048828125,1370.199951171875,146563.0,bullish
0,1970-01-01 00:00:00.000000711+00:00,1370.300048828125,1370.9000244140625,1370.0,1370.4000244140625,26702.0,bullish
0,1970-01-01 00:00:00.000000712+00:00,1370.5999755859375,1370.5999755859375,1367.9000244140625,1368.0999755859375,452812.0,bearish
0,1970-01-01 00:00:00.000000713+00:00,1368.5,1368.5,1367.0,1367.4000244140625,123425.0,bearish
0,1970-01-01 00:00:00.000000714+00:00,1367.0,1367.9000244140625,1366.800048828125,1367.199951171875,55156.0,bullish
0,1970-01-01 00:00:00.000000715+00:00,1367.199951171875,1367.199951171875,1365.199951171875,1365.4000244140625,43701.0,bearish
0,1970-01-01 00:00:00.000000716+00:00,1365.4000244140625,1366.9000244140625,1365.4000244140625,1366.699951171875,52767.0,bullish
0,1970-01-01 00:00:00.000000717+00:00,1366.800048828125,1367.5999755859375,1365.699951171875,1366.0,37539.0,bearish
0,1970-01-01 00:00:00.000000718+00:00,1366.0999755859375,1366.5,1365.5999755859375,1366.4000244140625,20250.0,bullish
0,1970-01-01 00:00:00.000000719+00:00,1366.4000244140625,1367.0999755859375,1366.199951171875,1366.9000244140625,20352.0,bullish
0,1970-01-01 00:00:00.000000720+00:00,1366.9000244140625,1366.9000244140625,1365.5999755859375,1366.199951171875,128330.0,bearish
0,1970-01-01 00:00:00.000000721+00:00,1366.300048828125,1366.300048828125,1363.0,1365.199951171875,391740.0,bearish
0,1970-01-01 00:00:00.000000722+00:00,1365.199951171875,1365.199951171875,1363.0999755859375,1364.0999755859375,225693.0,bearish
0,1970-01-01 00:00:00.000000723+00:00,1364.0,1365.699951171875,1362.800048828125,1365.199951171875,501507.0,bullish
0,1970-01-01 00:00:00.000000724+00:00,1365.5,1366.5999755859375,1364.5,1366.4000244140625,736433.0,bullish
0,1970-01-01 00:00:00.000000725+00:00,1366.800048828125,1366.9000244140625,1365.4000244140625,1366.699951171875,485336.0,bearish
0,1970-01-01 00:00:00.000000726+00:00,1366.699951171875,1367.5,1364.199951171875,1364.199951171875,361014.0,bearish
0,1970-01-01 00:00:00.000000727+00:00,1364.5,1364.5,1363.0999755859375,1363.0999755859375,402155.0,bearish
0,1970-01-01 00:00:00.000000728+00:00,1363.5999755859375,1364.5,1363.0999755859375,1364.300048828125,91455.0,bullish
0,1970-01-01 00:00:00.000000729+00:00,1364.5,1364.800048828125,1364.199951171875,1364.5,86821.0,doji
0,1970-01-01 00:00:00.000000730+00:00,1364.4000244140625,1364.5,1362.699951171875,1363.699951171875,291778.0,bearish
0,1970-01-01 00:00:00.000000731+00:00,1364.0,1365.300048828125,1362.699951171875,1363.5999755859375,470711.0,bearish
0,1970-01-01 00:00:00.000000732+00:00,1362.5999755859375,1362.5999755859375,1360.5,1361.5,404907.0,bearish
0,1970-01-01 00:00:00.000000733+00:00,1361.5999755859375,1362.699951171875,1361.5,1361.9000244140625,82244.0,bullish
0,1970-01-01 00:00:00.000000734+00:00,1362.0,1362.0,1361.300048828125,1361.4000244140625,74356.0,bearish
0,1970-01-01 00:00:00.000000735+00:00,1361.699951171875,1362.5,1361.4000244140625,1361.800048828125,190450.0,bullish
0,1970-01-01 00:00:00.000000736+00:00,1361.4000244140625,1361.800048828125,1360.300048828125,1361.699951171875,234025.0,bullish
0,1970-01-01 00:00:00.000000737+00:00,1361.800048828125,1361.9000244140625,1361.300048828125,1361.4000244140625,189973.0,bearish
0,1970-01-01 00:00:00.000000738+00:00,1361.4000244140625,1362.300048828125,1361.0,1362.199951171875,135895.0,bullish
0,1970-01-01 00:00:00.000000739+00:00,1362.5,1364.5,1362.5,1364.300048828125,81602.0,bullish
0,1970-01-01 00:00:00.000000740+00:00,1364.4000244140625,1364.4000244140625,1363.300048828125,1363.4000244140625,92436.0,bearish
0,1970-01-01 00:00:00.000000741+00:00,1363.5,1364.5,1363.300048828125,1364.300048828125,79070.0,bullish
0,1970-01-01 00:00:00.000000742+00:00,1364.300048828125,1364.4000244140625,1362.5,1363.199951171875,91343.0,bearish
0,1970-01-01 00:00:00.000000743+00:00,1363.0999755859375,1363.800048828125,1363.0,1363.699951171875,60472.0,bullish
0,1970-01-01 00:00:00.000000744+00:00,1363.699951171875,1364.0,1363.4000244140625,1363.699951171875,57155.0,doji
0,1970-01-01 00:00:00.000000745+00:00,1363.9000244140625,1364.199951171875,1363.4000244140625,1363.9000244140625,67328.0,doji
0,1970-01-01 00:00:00.000000746+00:00,1363.9000244140625,1364.699951171875,1363.699951171875,1364.699951171875,91116.0,bullish
0,1970-01-01 00:00:00.000000747+00:00,1364.5999755859375,1366.300048828125,1364.5999755859375,1366.300048828125,67585.0,bullish
0,1970-01-01 00:00:00.000000748+00:00,1367.0,1367.0,1365.800048828125,1365.9000244140625,66544.0,bearish
0,1970-01-01 00:00:00.000000749+00:00,1366.0999755859375,1366.9000244140625,1365.0999755859375,1366.9000244140625,56257.0,bullish
0,1970-01-01 00:00:00.000000750+00:00,1363.300048828125,1372.300048828125,1363.300048828125,1370.800048828125,0.0,bullish
0,1970-01-01 00:00:00.000000751+00:00,1370.699951171875,1372.0,1368.9000244140625,1369.300048828125,112885.0,bearish
0,1970-01-01 00:00:00.000000752+00:00,1369.300048828125,1370.199951171875,1367.5,1367.5,45382.0,bearish
0,1970-01-01 00:00:00.000000753+00:00,1367.4000244140625,1368.199951171875,1366.5999755859375,1366.9000244140625,71225.0,bearish
0,1970-01-01 00:00:00.000000754+00:00,1367.0999755859375,1367.0999755859375,1365.5999755859375,1365.5999755859375,37509.0,bearish
0,1970-01-01 00:00:00.000000755+00:00,1365.699951171875,1367.0,1365.699951171875,1365.9000244140625,51704.0,bullish
0,1970-01-01 00:00:00.000000756+00:00,1365.699951171875,1365.699951171875,1363.300048828125,1363.300048828125,48593.0,bearish
0,1970-01-01 00:00:00.000000757+00:00,1363.0999755859375,1364.800048828125,1362.9000244140625,1364.800048828125,49378.0,bullish
0,1970-01-01 00:00:00.000000758+00:00,1364.800048828125,1367.5,1364.800048828125,1367.4000244140625,59716.0,bullish
0,1970-01-01 00:00:00.000000759+00:00,1367.199951171875,1367.199951171875,1365.4000244140625,1365.5999755859375,42070.0,bearish
0,1970-01-01 00:00:00.000000760+00:00,1365.699951171875,1365.699951171875,1364.300048828125,1364.300048828125,15043.0,bearish
0,1970-01-01 00:00:00.000000761+00:00,1363.800048828125,1364.699951171875,1362.9000244140625,1363.5999755859375,52593.0,bearish
0,1970-01-01 00:00:00.000000762+00:00,1363.5999755859375,1364.0,1363.0,1364.0,50488.0,bullish
0,1970-01-01 00:00:00.000000763+00:00,1364.0,1364.199951171875,1360.800048828125,1360.800048828125,57344.0,bearish
0,1970-01-01 00:00:00.000000764+00:00,1361.0,1362.0,1357.0999755859375,1357.0999755859375,75817.0,bearish
0,1970-01-01 00:00:00.000000765+00:00,1357.699951171875,1360.5999755859375,1357.5,1360.0,38028.0,bullish
0,1970-01-01 00:00:00.000000766+00:00,1360.0,1360.9000244140625,1358.199951171875,1358.800048828125,39861.0,bearish
0,1970-01-01 00:00:00.000000767+00:00,1358.5999755859375,1359.800048828125,1357.699951171875,1357.9000244140625,24578.0,bearish
0,1970-01-01 00:00:00.000000768+00:00,1357.800048828125,1361.199951171875,1357.699951171875,1361.0,70843.0,bullish
0,1970-01-01 00:00:00.000000769+00:00,1361.0999755859375,1363.0,1360.800048828125,1360.800048828125,37073.0,bearish
0,1970-01-01 00:00:00.000000770+00:00,1360.800048828125,1361.9000244140625,1359.199951171875,1359.5,13383.0,bearish
0,1970-01-01 00:00:00.000000771+00:00,1359.199951171875,1359.4000244140625,1358.4000244140625,1358.4000244140625,21888.0,bearish
0,1970-01-01 00:00:00.000000772+00:00,1358.4000244140625,1359.5,1358.199951171875,1358.199951171875,40691.0,bearish
0,1970-01-01 00:00:00.000000773+00:00,1358.5,1359.0,1358.0,1358.300048828125,12290.0,bearish
0,1970-01-01 00:00:00.000000774+00:00,1358.199951171875,1358.199951171875,1354.9000244140625,1355.0999755859375,63663.0,bearish
0,1970-01-01 00:00:00.000000775+00:00,1355.4000244140625,1356.0999755859375,1354.199951171875,1354.5,33536.0,bearish
0,1970-01-01 00:00:00.000000776+00:00,1354.800048828125,1356.5,1354.800048828125,1355.800048828125,28459.0,bullish
0,1970-01-01 00:00:00.000000777+00:00,1355.800048828125,1358.300048828125,1355.800048828125,1358.0,29129.0,bullish
0,1970-01-01 00:00:00.000000778+00:00,1358.9000244140625,1359.5,1356.0,1356.199951171875,17525.0,bearish
0,1970-01-01 00:00:00.000000779+00:00,1356.300048828125,1357.0,1355.199951171875,1356.4000244140625,43061.0,bullish
0,1970-01-01 00:00:00.000000780+00:00,1356.4000244140625,1356.800048828125,1355.5999755859375,1355.5999755859375,18114.0,bearish
0,1970-01-01 00:00:00.000000781+00:00,1355.5999755859375,1355.5999755859375,1355.0,1355.0,24867.0,bearish
0,1970-01-01 00:00:00.000000782+00:00,1354.9000244140625,1355.300048828125,1354.5,1354.5999755859375,25188.0,bearish
0,1970-01-01 00:00:00.000000783+00:00,1353.4000244140625,1355.0,1353.199951171875,1354.199951171875,55900.0,bullish
0,1970-01-01 00:00:00.000000784+00:00,1354.199951171875,1354.9000244140625,1353.5999755859375,1354.5999755859375,22885.0,bullish
0,1970-01-01 00:00:00.000000785+00:00,1354.5,1354.5,1352.699951171875,1353.199951171875,19622.0,bearish
0,1970-01-01 00:00:00.000000786+00:00,1353.199951171875,1355.5999755859375,1352.800048828125,1355.300048828125,62154.0,bullish
0,1970-01-01 00:00:00.000000787+00:00,1355.0,1355.699951171875,1354.0,1355.699951171875,24258.0,bullish
0,1970-01-01 00:00:00.000000788+00:00,1355.9000244140625,1356.5999755859375,1355.5,1356.199951171875,23235.0,bullish
0,1970-01-01 00:00:00.000000789+00:00,1356.4000244140625,1357.199951171875,1356.199951171875,1356.4000244140625,27984.0,doji
0,1970-01-01 00:00:00.000000790+00:00,1356.4000244140625,1358.4000244140625,1356.4000244140625,1357.300048828125,33961.0,bullish
0,1970-01-01 00:00:00.000000791+00:00,1356.9000244140625,1357.5,1356.5,1356.699951171875,19261.0,bearish
0,1970-01-01 00:00:00.000000792+00:00,1356.699951171875,1357.300048828125,1356.4000244140625,1356.4000244140625,19214.0,bearish
0,1970-01-01 00:00:00.000000793+00:00,1356.300048828125,1356.800048828125,1356.300048828125,1356.699951171875,19767.0,bullish
0,1970-01-01 00:00:00.000000794+00:00,1356.699951171875,1357.699951171875,1355.9000244140625,1355.9000244140625,16542.0,bearish
0,1970-01-01 00:00:00.000000795+00:00,1355.699951171875,1355.9000244140625,1354.4000244140625,1354.5999755859375,28081.0,bearish
0,1970-01-01 00:00:00.000000796+00:00,1354.5999755859375,1357.4000244140625,1354.5999755859375,1356.699951171875,40813.0,bullish
0,1970-01-01 00:00:00.000000797+00:00,1356.699951171875,1357.5,1356.0999755859375,1356.0999755859375,19793.0,bearish
0,1970-01-01 00:00:00.000000798+00:00,1356.199951171875,1356.300048828125,1355.5,1355.699951171875,13690.0,bearish
0,1970-01-01 00:00:00.000000799+00:00,1355.5999755859375,1357.0,1355.5,1356.300048828125,23576.0,bullish
0,1970-01-01 00:00:00.000000800+00:00,1356.4000244140625,1357.4000244140625,1356.0999755859375,1356.699951171875,19707.0,bullish
0,1970-01-01 00:00:00.000000801+00:00,1356.5999755859375,1358.5,1356.4000244140625,1357.9000244140625,29581.0,bullish
0,1970-01-01 00:00:00.000000802+00:00,1358.300048828125,1359.300048828125,1357.9000244140625,1358.5,32832.0,bullish
0,1970-01-01 00:00:00.000000803+00:00,1358.5,1359.300048828125,1358.4000244140625,1359.199951171875,35329.0,bullish
0,1970-01-01 00:00:00.000000804+00:00,1359.199951171875,1359.800048828125,1358.5,1358.5,43845.0,bearish
0,1970-01-01 00:00:00.000000805+00:00,1358.699951171875,1359.4000244140625,1357.0,1357.5,27122.0,bearish
0,1970-01-01 00:00:00.000000806+00:00,1357.5,1357.5,1356.0999755859375,1356.0999755859375,24616.0,bearish
0,1970-01-01 00:00:00.000000807+00:00,1356.0999755859375,1357.5,1356.0999755859375,1356.5999755859375,25084.0,bullish
0,1970-01-01 00:00:00.000000808+00:00,1356.5999755859375,1356.5999755859375,1356.0999755859375,1356.300048828125,13437.0,bearish
0,1970-01-01 00:00:00.000000809+00:00,1356.4000244140625,1357.199951171875,1356.300048828125,1356.9000244140625,28822.0,bullish
0,1970-01-01 00:00:00.000000810+00:00,1357.0,1357.0,1355.5,1355.5999755859375,22369.0,bearish
0,1970-01-01 00:00:00.000000811+00:00,1355.699951171875,1357.0,1355.5,1356.5,18689.0,bullish
0,1970-01-01 00:00:00.000000812+00:00,1356.5,1356.800048828125,1356.5,1356.699951171875,15846.0,bullish
0,1970-01-01 00:00:00.000000813+00:00,1356.699951171875,1357.300048828125,1356.699951171875,1357.0,16727.0,bullish
0,1970-01-01 00:00:00.000000814+00:00,1357.0,1357.199951171875,1356.800048828125,1357.199951171875,21390.0,bullish
0,1970-01-01 00:00:00.000000815+00:00,1357.300048828125,1358.300048828125,1357.300048828125,1358.300048828125,21721.0,bullish
0,1970-01-01 00:00:00.000000816+00:00,1358.4000244140625,1358.5,1357.4000244140625,1357.5999755859375,23955.0,bearish
0,1970-01-01 00:00:00.000000817+00:00,1357.5999755859375,1358.199951171875,1357.5,1358.199951171875,37532.0,bullish
0,1970-01-01 00:00:00.000000818+00:00,1358.199951171875,1360.0,1358.199951171875,1359.9000244140625,21814.0,bullish
0,1970-01-01 00:00:00.000000819+00:00,1359.9000244140625,1359.9000244140625,1359.699951171875,1359.800048828125,22004.0,bearish
0,1970-01-01 00:00:00.000000820+00:00,1359.9000244140625,1360.0,1359.5999755859375,1359.5999755859375,54810.0,bearish
0,1970-01-01 00:00:00.000000821+00:00,1360.0,1360.0,1359.0,1359.5999755859375,47500.0,bearish
0,1970-01-01 00:00:00.000000822+00:00,1359.699951171875,1360.0,1359.199951171875,1359.699951171875,43918.0,doji
0,1970-01-01 00:00:00.000000823+00:00,1359.5999755859375,1359.699951171875,1358.0,1358.4000244140625,40517.0,bearish
0,1970-01-01 00:00:00.000000824+00:00,1358.0,1358.4000244140625,1356.0,1356.0,76929.0,bearish
0,1970-01-01 00:00:00.000000825+00:00,1356.300048828125,1356.300048828125,1355.5,1355.5999755859375,52743.0,bearish
0,1970-01-01 00:00:00.000000826+00:00,1355.4000244140625,1357.0,1355.300048828125,1357.0,34965.0,bullish
0,1970-01-01 00:00:00.000000827+00:00,1357.0,1357.0,1356.0999755859375,1356.0999755859375,10776.0,bearish
0,1970-01-01 00:00:00.000000828+00:00,1355.9000244140625,1356.300048828125,1355.5,1356.0,11998.0,bullish
0,1970-01-01 00:00:00.000000829+00:00,1356.0,1357.0,1356.0,1357.0,32573.0,bullish
0,1970-01-01 00:00:00.000000830+00:00,1357.0,1357.0,1355.9000244140625,1356.0,20046.0,bearish
0,1970-01-01 00:00:00.000000831+00:00,1355.800048828125,1355.800048828125,1355.0999755859375,1355.0999755859375,13362.0,bearish
0,1970-01-01 00:00:00.000000832+00:00,1355.0999755859375,1355.5999755859375,1355.0999755859375,1355.5999755859375,40315.0,bullish
0,1970-01-01 00:00:00.000000833+00:00,1355.5999755859375,1356.4000244140625,1355.5,1355.5,17848.0,bearish
0,1970-01-01 00:00:00.000000834+00:00,1355.800048828125,1355.800048828125,1354.199951171875,1354.5,29285.0,bearish
0,1970-01-01 00:00:00.000000835+00:00,1354.699951171875,1357.0999755859375,1354.699951171875,1357.0999755859375,35869.0,bullish
0,1970-01-01 00:00:00.000000836+00:00,1357.0999755859375,1358.199951171875,1357.0,1358.199951171875,23647.0,bullish
0,1970-01-01 00:00:00.000000837+00:00,1358.0,1358.199951171875,1357.199951171875,1357.4000244140625,14482.0,bearish
0,1970-01-01 00:00:00.000000838+00:00,1357.4000244140625,1357.4000244140625,1357.199951171875,1357.300048828125,16681.0,bearish
0,1970-01-01 00:00:00.000000839+00:00,1357.300048828125,1357.300048828125,1357.199951171875,1357.199951171875,10307.0,bearish
0,1970-01-01 00:00:00.000000840+00:00,1357.300048828125,1357.5,1357.199951171875,1357.5,16304.0,bullish
0,1970-01-01 00:00:00.000000841+00:00,1357.5,1357.5,1357.0999755859375,1357.0999755859375,18121.0,bearish
0,1970-01-01 00:00:00.000000842+00:00,1357.0999755859375,1357.199951171875,1356.9000244140625,1357.0999755859375,32070.0,doji
0,1970-01-01 00:00:00.000000843+00:00,1357.0999755859375,1358.0,1357.0,1358.0,16018.0,bullish
0,1970-01-01 00:00:00.000000844+00:00,1358.0,1358.0,1356.0999755859375,1356.5,17430.0,bearish
0,1970-01-01 00:00:00.000000845+00:00,1356.199951171875,1356.5999755859375,1356.199951171875,1356.5999755859375,14838.0,bullish
0,1970-01-01 00:00:00.000000846+00:00,1356.5999755859375,1357.4000244140625,1356.5,1357.4000244140625,26193.0,bullish
0,1970-01-01 00:00:00.000000847+00:00,1357.4000244140625,1357.9000244140625,1357.300048828125,1357.9000244140625,20419.0,bullish
0,1970-01-01 00:00:00.000000848+00:00,1357.9000244140625,1357.9000244140625,1357.0,1357.0999755859375,20162.0,bearish
0,1970-01-01 00:00:00.000000849+00:00,1357.0999755859375,1357.5999755859375,1357.0,1357.4000244140625,23269.0,bullish
0,1970-01-01 00:00:00.000000850+00:00,1357.5,1357.800048828125,1356.0,1356.0,20402.0,bearish
0,1970-01-01 00:00:00.000000851+00:00,1356.199951171875,1356.5,1355.9000244140625,1356.4000244140625,23060.0,bullish
0,1970-01-01 00:00:00.000000852+00:00,1356.4000244140625,1356.4000244140625,1355.0999755859375,1355.0999755859375,9397.0,bearish
0,1970-01-01 00:00:00.000000853+00:00,1355.199951171875,1355.199951171875,1354.5999755859375,1354.5999755859375,55882.0,bearish
0,1970-01-01 00:00:00.000000854+00:00,1354.300048828125,1354.699951171875,1354.0,1354.0999755859375,27688.0,bearish
0,1970-01-01 00:00:00.000000855+00:00,1354.199951171875,1355.4000244140625,1353.800048828125,1355.0,32843.0,bullish
0,1970-01-01 00:00:00.000000856+00:00,1355.0,1356.0999755859375,1354.5,1355.800048828125,16772.0,bullish
0,1970-01-01 00:00:00.000000857+00:00,1355.800048828125,1356.800048828125,1355.5999755859375,1356.5999755859375,28450.0,bullish
0,1970-01-01 00:00:00.000000858+00:00,1356.5999755859375,1359.300048828125,1356.5999755859375,1358.5,60146.0,bullish
0,1970-01-01 00:00:00.000000859+00:00,1358.5999755859375,1358.5999755859375,1357.300048828125,1357.699951171875,15561.0,bearish
0,1970-01-01 00:00:00.000000860+00:00,1357.5,1357.5,1356.0,1356.300048828125,10144.0,bearish
0,1970-01-01 00:00:00.000000861+00:00,1356.199951171875,1356.5,1355.699951171875,1355.699951171875,26160.0,bearish
0,1970-01-01 00:00:00.000000862+00:00,1355.9000244140625,1356.4000244140625,1355.5999755859375,1356.0,15790.0,bullish
0,1970-01-01 00:00:00.000000863+00:00,1356.0,1356.0,1355.5,1355.5999755859375,7730.0,bearish
0,1970-01-01 00:00:00.000000864+00:00,1355.4000244140625,1356.0,1355.4000244140625,1356.0,31861.0,bullish
0,1970-01-01 00:00:00.000000865+00:00,1356.0,1356.0,1355.699951171875,1355.800048828125,15291.0,bearish
0,1970-01-01 00:00:00.000000866+00:00,1355.9000244140625,1356.300048828125,1355.9000244140625,1355.9000244140625,19431.0,doji
0,1970-01-01 00:00:00.000000867+00:00,1355.5999755859375,1355.5999755859375,1354.199951171875,1354.300048828125,24356.0,bearish
0,1970-01-01 00:00:00.000000868+00:00,1354.300048828125,1354.5999755859375,1354.0999755859375,1354.0999755859375,46500.0,bearish
0,1970-01-01 00:00:00.000000869+00:00,1354.199951171875,1355.300048828125,1353.0,1355.300048828125,42005.0,bullish
0,1970-01-01 00:00:00.000000870+00:00,1355.300048828125,1356.199951171875,1355.0,1355.4000244140625,24794.0,bullish
0,1970-01-01 00:00:00.000000871+00:00,1355.5999755859375,1355.5999755859375,1355.0,1355.4000244140625,8745.0,bearish
0,1970-01-01 00:00:00.000000872+00:00,1355.5,1355.5,1354.699951171875,1355.0999755859375,36080.0,bearish
0,1970-01-01 00:00:00.000000873+00:00,1354.800048828125,1355.5999755859375,1354.800048828125,1355.300048828125,8774.0,bullish
0,1970-01-01 00:00:00.000000874+00:00,1355.300048828125,1355.5,1354.699951171875,1355.0,9530.0,bearish
0,1970-01-01 00:00:00.000000875+00:00,1355.0,1355.0,1354.800048828125,1355.0,5733.0,doji
0,1970-01-01 00:00:00.000000876+00:00,1354.699951171875,1355.800048828125,1354.5999755859375,1355.800048828125,26894.0,bullish
0,1970-01-01 00:00:00.000000877+00:00,1355.800048828125,1355.9000244140625,1355.0,1355.0,6789.0,bearish
0,1970-01-01 00:00:00.000000878+00:00,1355.0999755859375,1355.0999755859375,1355.0,1355.0999755859375,12015.0,doji
0,1970-01-01 00:00:00.000000879+00:00,1355.0999755859375,1356.199951171875,1355.0999755859375,1355.5,23559.0,bullish
0,1970-01-01 00:00:00.000000880+00:00,1355.5,1355.5999755859375,1355.0999755859375,1355.300048828125,5643.0,bearish
0,1970-01-01 00:00:00.000000881+00:00,1355.300048828125,1355.300048828125,1355.199951171875,1355.300048828125,4288.0,doji
0,1970-01-01 00:00:00.000000882+00:00,1355.300048828125,1355.300048828125,1355.0999755859375,1355.199951171875,10030.0,bearish
0,1970-01-01 00:00:00.000000883+00:00,1355.199951171875,1355.199951171875,1353.800048828125,1353.800048828125,30659.0,bearish
0,1970-01-01 00:00:00.000000884+00:00,1353.800048828125,1353.800048828125,1353.199951171875,1353.300048828125,34824.0,bearish
0,1970-01-01 00:00:00.000000885+00:00,1353.5999755859375,1353.699951171875,1353.0,1353.5,17137.0,bearish
0,1970-01-01 00:00:00.000000886+00:00,1353.5,1353.699951171875,1353.0,1353.699951171875,27422.0,bullish
0,1970-01-01 00:00:00.000000887+00:00,1353.699951171875,1354.0,1353.5999755859375,1353.5999755859375,15273.0,bearish
0,1970-01-01 00:00:00.000000888+00:00,1353.5,1353.5,1353.0,1353.4000244140625,16331.0,bearish
0,1970-01-01 00:00:00.000000889+00:00,1353.4000244140625,1354.5,1353.4000244140625,1354.0999755859375,38987.0,bullish
0,1970-01-01 00:00:00.000000890+00:00,1353.5999755859375,1354.4000244140625,1353.5999755859375,1354.300048828125,19713.0,bullish
0,1970-01-01 00:00:00.000000891+00:00,1354.300048828125,1356.0,1354.300048828125,1355.9000244140625,80251.0,bullish
0,1970-01-01 00:00:00.000000892+00:00,1355.800048828125,1357.5999755859375,1355.699951171875,1356.5999755859375,37802.0,bullish
0,1970-01-01 00:00:00.000000893+00:00,1356.5999755859375,1357.0,1356.0999755859375,1356.300048828125,19835.0,bearish
0,1970-01-01 00:00:00.000000894+00:00,1356.4000244140625,1357.0999755859375,1356.199951171875,1357.0999755859375,18128.0,bullish
0,1970-01-01 00:00:00.000000895+00:00,1357.0999755859375,1359.4000244140625,1357.0999755859375,1358.9000244140625,34439.0,bullish
0,1970-01-01 00:00:00.000000896+00:00,1358.9000244140625,1359.800048828125,1358.800048828125,1359.4000244140625,34830.0,bullish
0,1970-01-01 00:00:00.000000897+00:00,1359.4000244140625,1361.0,1359.300048828125,1361.0,123495.0,bullish
0,1970-01-01 00:00:00.000000898+00:00,1360.9000244140625,1361.5999755859375,1360.5,1360.9000244140625,54513.0,doji
0,1970-01-01 00:00:00.000000899+00:00,1360.9000244140625,1361.0999755859375,1360.0,1360.699951171875,18776.0,bearish
0,1970-01-01 00:00:00.000000900+00:00,1360.699951171875,1362.0,1360.699951171875,1361.800048828125,18563.0,bullish
0,1970-01-01 00:00:00.000000901+00:00,1362.0,1362.9000244140625,1362.0,1362.800048828125,21308.0,bullish
0,1970-01-01 00:00:00.000000902+00:00,1362.800048828125,1363.800048828125,1362.0999755859375,1362.0999755859375,40514.0,bearish
0,1970-01-01 00:00:00.000000903+00:00,1362.0,1362.0,1361.0,1361.0999755859375,68729.0,bearish
0,1970-01-01 00:00:00.000000904+00:00,1361.199951171875,1361.199951171875,1360.300048828125,1361.0,26690.0,bearish
0,1970-01-01 00:00:00.000000905+00:00,1361.0,1361.4000244140625,1360.300048828125,1361.199951171875,26560.0,bullish
0,1970-01-01 00:00:00.000000906+00:00,1361.300048828125,1362.300048828125,1361.300048828125,1362.199951171875,15899.0,bullish
0,1970-01-01 00:00:00.000000907+00:00,1362.199951171875,1362.800048828125,1362.0,1362.300048828125,11862.0,bullish
0,1970-01-01 00:00:00.000000908+00:00,1362.300048828125,1362.300048828125,1360.9000244140625,1360.9000244140625,22316.0,bearish
0,1970-01-01 00:00:00.000000909+00:00,1360.9000244140625,1361.4000244140625,1360.199951171875,1360.199951171875,16448.0,bearish
0,1970-01-01 00:00:00.000000910+00:00,1360.5,1361.800048828125,1360.300048828125,1360.800048828125,14642.0,bullish
0,1970-01-01 00:00:00.000000911+00:00,1360.9000244140625,1361.199951171875,1359.699951171875,1360.0999755859375,27423.0,bearish
0,1970-01-01 00:00:00.000000912+00:00,1360.199951171875,1360.4000244140625,1359.699951171875,1360.0,13293.0,bearish
0,1970-01-01 00:00:00.000000913+00:00,1360.0,1360.300048828125,1358.5999755859375,1359.9000244140625,62710.0,bearish
0,1970-01-01 00:00:00.000000914+00:00,1359.9000244140625,1360.0999755859375,1359.0,1359.199951171875,16669.0,bearish
0,1970-01-01 00:00:00.000000915+00:00,1359.300048828125,1359.300048828125,1358.9000244140625,1359.300048828125,17436.0,doji
0,1970-01-01 00:00:00.000000916+00:00,1359.300048828125,1360.5,1359.300048828125,1360.0999755859375,19545.0,bullish
0,1970-01-01 00:00:00.000000917+00:00,1360.0999755859375,1360.0999755859375,1359.0999755859375,1359.0999755859375,19522.0,bearish
0,1970-01-01 00:00:00.000000918+00:00,1359.199951171875,1359.300048828125,1359.0,1359.300048828125,10591.0,bullish
0,1970-01-01 00:00:00.000000919+00:00,1359.300048828125,1360.4000244140625,1359.300048828125,1360.4000244140625,34693.0,bullish
0,1970-01-01 00:00:00.000000920+00:00,1360.5,1360.800048828125,1359.0,1359.0,19307.0,bearish
0,1970-01-01 00:00:00.000000921+00:00,1359.0999755859375,1360.0,1358.9000244140625,1359.300048828125,13549.0,bullish
0,1970-01-01 00:00:00.000000922+00:00,1359.5999755859375,1359.9000244140625,1358.4000244140625,1359.9000244140625,14255.0,bullish
0,1970-01-01 00:00:00.000000923+00:00,1359.800048828125,1359.800048828125,1358.5999755859375,1359.0999755859375,12611.0,bearish
0,1970-01-01 00:00:00.000000924+00:00,1358.699951171875,1359.4000244140625,1358.199951171875,1359.199951171875,14149.0,bullish
0,1970-01-01 00:00:00.000000925+00:00,1359.199951171875,1359.9000244140625,1358.5,1359.9000244140625,13975.0,bullish
0,1970-01-01 00:00:00.000000926+00:00,1359.9000244140625,1359.9000244140625,1359.0,1359.300048828125,13524.0,bearish
0,1970-01-01 00:00:00.000000927+00:00,1359.4000244140625,1359.5,1359.0999755859375,1359.4000244140625,9356.0,doji
0,1970-01-01 00:00:00.000000928+00:00,1359.300048828125,1360.0,1359.300048828125,1359.9000244140625,14667.0,bullish
0,1970-01-01 00:00:00.000000929+00:00,1359.9000244140625,1360.199951171875,1359.699951171875,1360.199951171875,18141.0,bullish
0,1970-01-01 00:00:00.000000930+00:00,1360.199951171875,1360.5999755859375,1360.0,1360.5,16924.0,bullish
0,1970-01-01 00:00:00.000000931+00:00,1360.5,1360.5999755859375,1359.800048828125,1360.0,24867.0,bearish
0,1970-01-01 00:00:00.000000932+00:00,1360.199951171875,1360.9000244140625,1360.199951171875,1360.300048828125,21778.0,bullish
0,1970-01-01 00:00:00.000000933+00:00,1360.300048828125,1360.4000244140625,1360.0,1360.300048828125,9672.0,doji
0,1970-01-01 00:00:00.000000934+00:00,1360.4000244140625,1360.9000244140625,1360.4000244140625,1360.800048828125,16173.0,bullish
0,1970-01-01 00:00:00.000000935+00:00,1360.699951171875,1360.699951171875,1359.5999755859375,1359.9000244140625,25704.0,bearish
0,1970-01-01 00:00:00.000000936+00:00,1359.9000244140625,1360.0999755859375,1359.5999755859375,1360.0,22041.0,bullish
0,1970-01-01 00:00:00.000000937+00:00,1360.0,1360.199951171875,1359.9000244140625,1360.199951171875,14322.0,bullish
0,1970-01-01 00:00:00.000000938+00:00,1360.199951171875,1360.300048828125,1360.0,1360.0,10188.0,bearish
0,1970-01-01 00:00:00.000000939+00:00,1360.0999755859375,1360.5,1360.0,1360.5,20642.0,bullish
0,1970-01-01 00:00:00.000000940+00:00,1360.4000244140625,1360.699951171875,1360.300048828125,1360.4000244140625,27506.0,doji
0,1970-01-01 00:00:00.000000941+00:00,1360.0,1360.4000244140625,1360.0,1360.300048828125,17506.0,bullish
0,1970-01-01 00:00:00.000000942+00:00,1360.699951171875,1360.699951171875,1360.699951171875,1360.699951171875,0.0,doji
